scroll,mesh,area_cm2,eye_verdict,alignment_deg,aligned_lt30,reprova,valid_px,ink_S1,ink_S1_reverse,ink_pass_v1,ink_pass_v2,hecate_fwd_ge05,hecate_rev_ge05,hecate_rank,maps_held,surface_volumes_tar,ink_detection_dir
PHerc0125,z6336_w020,2.21,aprova,4.40,True,False,1844779,0.00011268413612243644,0.0012379888954905857,False,False,0.005030412857041412,0.018797915631086435,285,False,https://huggingface.co/datasets/rodriguescarson/eligible-scroll-atlas-renders/resolve/main/PHerc0125/z6336_w020/surface-volumes.tar,https://huggingface.co/datasets/rodriguescarson/eligible-scroll-atlas-renders/resolve/main/PHerc0125/z6336_w020/ink-detection
PHerc0125,z6336_w040,4.34,,5.90,True,False,3736241,0.0010900159703548073,0.0006541615361120974,False,False,0.0045109509798752275,0.006152708029273272,294,False,https://huggingface.co/datasets/rodriguescarson/eligible-scroll-atlas-renders/resolve/main/PHerc0125/z6336_w040/surface-volumes.tar,https://huggingface.co/datasets/rodriguescarson/eligible-scroll-atlas-renders/resolve/main/PHerc0125/z6336_w040/ink-detection
PHerc0125,z6336_w060,6.55,,11.50,True,False,5725004,0.0007479038532085835,0.0014311964809190327,False,False,0.014596671024159983,0.008184972447180822,145,False,https://huggingface.co/datasets/rodriguescarson/eligible-scroll-atlas-renders/resolve/main/PHerc0125/z6336_w060/surface-volumes.tar,https://huggingface.co/datasets/rodriguescarson/eligible-scroll-atlas-renders/resolve/main/PHerc0125/z6336_w060/ink-detection
PHerc0125,z6336_w080,8.15,,12.70,True,False,7105570,0.000239786302447259,0.00029413786433530437,False,False,0.006178955382889761,0.007679327626073629,270,False,https://huggingface.co/datasets/rodriguescarson/eligible-scroll-atlas-renders/resolve/main/PHerc0125/z6336_w080/surface-volumes.tar,https://huggingface.co/datasets/rodriguescarson/eligible-scroll-atlas-renders/resolve/main/PHerc0125/z6336_w080/ink-detection
PHerc0125,z6336_w100,10.05,,59.10,False,False,8356871,0.00109614096596871,0.0015365436334147942,False,False,0.004889748806700498,0.004226940920830297,288,False,https://huggingface.co/datasets/rodriguescarson/eligible-scroll-atlas-renders/resolve/main/PHerc0125/z6336_w100/surface-volumes.tar,https://huggingface.co/datasets/rodriguescarson/eligible-scroll-atlas-renders/resolve/main/PHerc0125/z6336_w100/ink-detection
PHerc0125,z6944_w020,2.16,aprova,4.00,True,False,1792296,0.0019290021788237724,0.0011753209996658504,False,False,0.0033454295495833277,0.01200136584582011,307,False,https://huggingface.co/datasets/rodriguescarson/eligible-scroll-atlas-renders/resolve/main/PHerc0125/z6944_w020/surface-volumes.tar,https://huggingface.co/datasets/rodriguescarson/eligible-scroll-atlas-renders/resolve/main/PHerc0125/z6944_w020/ink-detection
PHerc0125,z6944_w040,4.23,,7.80,True,False,3596550,0.0008460343617683932,0.0007022689700668365,False,False,0.001989128470339631,0.00608805660980662,320,False,https://huggingface.co/datasets/rodriguescarson/eligible-scroll-atlas-renders/resolve/main/PHerc0125/z6944_w040/surface-volumes.tar,https://huggingface.co/datasets/rodriguescarson/eligible-scroll-atlas-renders/resolve/main/PHerc0125/z6944_w040/ink-detection
PHerc0125,z6944_w060,6.25,,10.10,True,False,5383124,0.005134907103056722,0.00018262994146701588,False,False,0.007968607076485699,0.005854221452078756,237,False,https://huggingface.co/datasets/rodriguescarson/eligible-scroll-atlas-renders/resolve/main/PHerc0125/z6944_w060/surface-volumes.tar,https://huggingface.co/datasets/rodriguescarson/eligible-scroll-atlas-renders/resolve/main/PHerc0125/z6944_w060/ink-detection
PHerc0125,z6944_w080,8.14,reprova,6.40,True,True,7078604,0.0011524477991253423,0.00017744355678127007,False,False,0.00302192353181503,0.004267790654767522,311,False,https://huggingface.co/datasets/rodriguescarson/eligible-scroll-atlas-renders/resolve/main/PHerc0125/z6944_w080/surface-volumes.tar,https://huggingface.co/datasets/rodriguescarson/eligible-scroll-atlas-renders/resolve/main/PHerc0125/z6944_w080/ink-detection
PHerc0125,z6944_w100,10.10,,9.80,True,False,6581768,0.000715444766483378,0.000506239444346057,False,False,0.003214181964481276,0.003963980498856842,310,False,https://huggingface.co/datasets/rodriguescarson/eligible-scroll-atlas-renders/resolve/main/PHerc0125/z6944_w100/surface-volumes.tar,https://huggingface.co/datasets/rodriguescarson/eligible-scroll-atlas-renders/resolve/main/PHerc0125/z6944_w100/ink-detection
PHerc0125,z8144_w020,2.30,aprova,5.30,True,False,1923735,5.401705171003254e-06,0.0036775790932403064,False,False,0.00195765009213847,0.004521412772549234,321,False,https://huggingface.co/datasets/rodriguescarson/eligible-scroll-atlas-renders/resolve/main/PHerc0125/z8144_w020/surface-volumes.tar,https://huggingface.co/datasets/rodriguescarson/eligible-scroll-atlas-renders/resolve/main/PHerc0125/z8144_w020/ink-detection
PHerc0125,z8144_w040,4.33,,11.60,True,False,3704300,0.0008886529819045833,1.736947478284325e-05,False,False,0.002758145938503901,0.0018092487109575357,313,False,https://huggingface.co/datasets/rodriguescarson/eligible-scroll-atlas-renders/resolve/main/PHerc0125/z8144_w040/surface-volumes.tar,https://huggingface.co/datasets/rodriguescarson/eligible-scroll-atlas-renders/resolve/main/PHerc0125/z8144_w040/ink-detection
PHerc0125,z8144_w060,6.22,,11.40,True,False,5359078,0.0016603305910529885,0.0023087593819264987,False,False,0.005670564974049641,0.0090612601645283,277,False,https://huggingface.co/datasets/rodriguescarson/eligible-scroll-atlas-renders/resolve/main/PHerc0125/z8144_w060/surface-volumes.tar,https://huggingface.co/datasets/rodriguescarson/eligible-scroll-atlas-renders/resolve/main/PHerc0125/z8144_w060/ink-detection
PHerc0125,z8144_w080,8.08,,10.00,True,False,7009928,0.002465170179440861,9.389582689710718e-05,False,False,0.009933625566482281,0.008412639901579588,206,False,https://huggingface.co/datasets/rodriguescarson/eligible-scroll-atlas-renders/resolve/main/PHerc0125/z8144_w080/surface-volumes.tar,https://huggingface.co/datasets/rodriguescarson/eligible-scroll-atlas-renders/resolve/main/PHerc0125/z8144_w080/ink-detection
PHerc0125,z8144_w100,9.84,,5.60,True,False,8347455,0.0017453626903337848,0.008926170138181724,False,False,0.0017492756774370151,0.0019241792857823132,325,False,https://huggingface.co/datasets/rodriguescarson/eligible-scroll-atlas-renders/resolve/main/PHerc0125/z8144_w100/surface-volumes.tar,https://huggingface.co/datasets/rodriguescarson/eligible-scroll-atlas-renders/resolve/main/PHerc0125/z8144_w100/ink-detection
PHerc0125,z8736_w020,2.38,,8.50,True,False,1992244,0.003481874329952658,0.004161171883153231,False,False,0.0018295951700695297,0.010936411403422473,323,False,https://huggingface.co/datasets/rodriguescarson/eligible-scroll-atlas-renders/resolve/main/PHerc0125/z8736_w020/surface-volumes.tar,https://huggingface.co/datasets/rodriguescarson/eligible-scroll-atlas-renders/resolve/main/PHerc0125/z8736_w020/ink-detection
PHerc0125,z8736_w040,4.38,,11.00,True,False,3755108,0.002173256258937743,0.00036783218191705776,False,False,0.0021796976278711556,0.004000683868479948,319,False,https://huggingface.co/datasets/rodriguescarson/eligible-scroll-atlas-renders/resolve/main/PHerc0125/z8736_w040/surface-volumes.tar,https://huggingface.co/datasets/rodriguescarson/eligible-scroll-atlas-renders/resolve/main/PHerc0125/z8736_w040/ink-detection
PHerc0125,z8736_w060,6.42,,8.50,True,False,5538631,0.002542664895856776,0.0010185344237314934,False,False,0.014510986559675126,0.005526817005863001,149,False,https://huggingface.co/datasets/rodriguescarson/eligible-scroll-atlas-renders/resolve/main/PHerc0125/z8736_w060/surface-volumes.tar,https://huggingface.co/datasets/rodriguescarson/eligible-scroll-atlas-renders/resolve/main/PHerc0125/z8736_w060/ink-detection
PHerc0125,z8736_w080,8.16,,12.50,True,False,7087726,0.00025961455251745987,0.0006307404997633555,False,False,0.0064250508555212206,0.004297146926955133,265,False,https://huggingface.co/datasets/rodriguescarson/eligible-scroll-atlas-renders/resolve/main/PHerc0125/z8736_w080/surface-volumes.tar,https://huggingface.co/datasets/rodriguescarson/eligible-scroll-atlas-renders/resolve/main/PHerc0125/z8736_w080/ink-detection
PHerc0125,z8736_w100,10.04,,10.60,True,False,8499958,0.0015266958166220606,0.0007377045806325792,False,False,0.009632047593646933,0.009434752501130005,209,False,https://huggingface.co/datasets/rodriguescarson/eligible-scroll-atlas-renders/resolve/main/PHerc0125/z8736_w100/surface-volumes.tar,https://huggingface.co/datasets/rodriguescarson/eligible-scroll-atlas-renders/resolve/main/PHerc0125/z8736_w100/ink-detection
PHerc0125,z9344_w020,2.32,reprova,6.00,True,True,1934718,0.0013547475256566912,0.006743458483874402,False,False,0.0012988973069977122,0.004576377539258951,330,False,https://huggingface.co/datasets/rodriguescarson/eligible-scroll-atlas-renders/resolve/main/PHerc0125/z9344_w020/surface-volumes.tar,https://huggingface.co/datasets/rodriguescarson/eligible-scroll-atlas-renders/resolve/main/PHerc0125/z9344_w020/ink-detection
PHerc0125,z9344_w040,4.54,,10.00,True,False,3888288,0.0009309778063060435,0.0013251055221645174,False,False,0.0014867725847468088,0.009945765334255076,328,False,https://huggingface.co/datasets/rodriguescarson/eligible-scroll-atlas-renders/resolve/main/PHerc0125/z9344_w040/surface-volumes.tar,https://huggingface.co/datasets/rodriguescarson/eligible-scroll-atlas-renders/resolve/main/PHerc0125/z9344_w040/ink-detection
PHerc0125,z9344_w060,6.68,,6.70,True,False,5770701,0.0024296629932242094,0.0004165230192052833,False,False,0.0037492845323297812,0.0077018372637916955,303,False,https://huggingface.co/datasets/rodriguescarson/eligible-scroll-atlas-renders/resolve/main/PHerc0125/z9344_w060/surface-volumes.tar,https://huggingface.co/datasets/rodriguescarson/eligible-scroll-atlas-renders/resolve/main/PHerc0125/z9344_w060/ink-detection
PHerc0125,z9344_w080,8.41,,8.50,True,False,7290443,0.000520178161344804,3.479105246828238e-05,False,False,0.007244141405398821,0.006106487630449892,247,False,https://huggingface.co/datasets/rodriguescarson/eligible-scroll-atlas-renders/resolve/main/PHerc0125/z9344_w080/surface-volumes.tar,https://huggingface.co/datasets/rodriguescarson/eligible-scroll-atlas-renders/resolve/main/PHerc0125/z9344_w080/ink-detection
PHerc0125,z9344_w100,10.17,,14.60,True,False,8028342,0.0007511436288452354,0.0006275048925109106,False,False,0.006723430566361025,0.0031165837230152874,256,False,https://huggingface.co/datasets/rodriguescarson/eligible-scroll-atlas-renders/resolve/main/PHerc0125/z9344_w100/surface-volumes.tar,https://huggingface.co/datasets/rodriguescarson/eligible-scroll-atlas-renders/resolve/main/PHerc0125/z9344_w100/ink-detection
PHerc0125,z9936_w020,2.30,reprova,10.20,True,True,1927138,0.0002696906011354465,0.0007811220501977567,False,False,0.0016807307001366794,0.0035461912950707215,326,False,https://huggingface.co/datasets/rodriguescarson/eligible-scroll-atlas-renders/resolve/main/PHerc0125/z9936_w020/surface-volumes.tar,https://huggingface.co/datasets/rodriguescarson/eligible-scroll-atlas-renders/resolve/main/PHerc0125/z9936_w020/ink-detection
PHerc0125,z9936_w040,4.58,,7.90,True,False,3916094,4.3938216108426e-05,0.0008263764491161659,False,False,0.0008094800584459924,0.005222550837645879,333,False,https://huggingface.co/datasets/rodriguescarson/eligible-scroll-atlas-renders/resolve/main/PHerc0125/z9936_w040/surface-volumes.tar,https://huggingface.co/datasets/rodriguescarson/eligible-scroll-atlas-renders/resolve/main/PHerc0125/z9936_w040/ink-detection
PHerc0125,z9936_w060,6.63,aprova,15.00,True,False,5721184,0.00257364612820445,0.0011151088653138972,False,False,0.006282965204405242,0.0075584004989177065,267,False,https://huggingface.co/datasets/rodriguescarson/eligible-scroll-atlas-renders/resolve/main/PHerc0125/z9936_w060/surface-volumes.tar,https://huggingface.co/datasets/rodriguescarson/eligible-scroll-atlas-renders/resolve/main/PHerc0125/z9936_w060/ink-detection
PHerc0125,z9936_w080,8.30,,11.50,True,False,7190476,0.0012112524165866618,0.00097242132119889,False,False,0.0062129405619322006,0.01398002023788133,269,False,https://huggingface.co/datasets/rodriguescarson/eligible-scroll-atlas-renders/resolve/main/PHerc0125/z9936_w080/surface-volumes.tar,https://huggingface.co/datasets/rodriguescarson/eligible-scroll-atlas-renders/resolve/main/PHerc0125/z9936_w080/ink-detection
PHerc0125,z9936_w100,10.36,,5.30,True,False,8548795,0.001397768569429547,0.0017365377677332902,False,False,0.007409231359507392,0.00734852104887297,245,False,https://huggingface.co/datasets/rodriguescarson/eligible-scroll-atlas-renders/resolve/main/PHerc0125/z9936_w100/surface-volumes.tar,https://huggingface.co/datasets/rodriguescarson/eligible-scroll-atlas-renders/resolve/main/PHerc0125/z9936_w100/ink-detection
PHerc0125,z10544_w020,2.44,,9.80,True,False,2041696,0.0012902025159643466,0.0019563673600521453,False,False,0.0025150659059918813,0.006445621679231384,315,False,https://huggingface.co/datasets/rodriguescarson/eligible-scroll-atlas-renders/resolve/main/PHerc0125/z10544_w020/surface-volumes.tar,https://huggingface.co/datasets/rodriguescarson/eligible-scroll-atlas-renders/resolve/main/PHerc0125/z10544_w020/ink-detection
PHerc0125,z10544_w040,4.43,,9.90,True,False,3777159,0.001628496562563349,0.003484737380840952,False,False,0.0018209453189553311,0.007456133035437481,324,False,https://huggingface.co/datasets/rodriguescarson/eligible-scroll-atlas-renders/resolve/main/PHerc0125/z10544_w040/surface-volumes.tar,https://huggingface.co/datasets/rodriguescarson/eligible-scroll-atlas-renders/resolve/main/PHerc0125/z10544_w040/ink-detection
PHerc0125,z10544_w060,6.67,,5.70,True,False,5762266,0.0007038589984491799,0.0024588294179911548,False,False,0.014332903062788145,0.010544289347281088,151,False,https://huggingface.co/datasets/rodriguescarson/eligible-scroll-atlas-renders/resolve/main/PHerc0125/z10544_w060/surface-volumes.tar,https://huggingface.co/datasets/rodriguescarson/eligible-scroll-atlas-renders/resolve/main/PHerc0125/z10544_w060/ink-detection
PHerc0125,z10544_w080,8.39,,8.70,True,False,7282570,0.0013367015337916433,0.0010856966702964767,False,False,0.007695222977602687,0.021114249502579445,244,False,https://huggingface.co/datasets/rodriguescarson/eligible-scroll-atlas-renders/resolve/main/PHerc0125/z10544_w080/surface-volumes.tar,https://huggingface.co/datasets/rodriguescarson/eligible-scroll-atlas-renders/resolve/main/PHerc0125/z10544_w080/ink-detection
PHerc0125,z10544_w100,10.19,,13.00,True,False,8444797,0.00567108448951842,0.0018928248000021498,False,False,0.004957727225414655,0.006292513603346534,287,False,https://huggingface.co/datasets/rodriguescarson/eligible-scroll-atlas-renders/resolve/main/PHerc0125/z10544_w100/surface-volumes.tar,https://huggingface.co/datasets/rodriguescarson/eligible-scroll-atlas-renders/resolve/main/PHerc0125/z10544_w100/ink-detection
PHerc0125,z11744_w020,2.50,parcial,10.60,True,False,2100944,4.49907319092267e-07,8.99814638184534e-07,False,False,0.008659916685071092,0.008026867922229246,221,False,https://huggingface.co/datasets/rodriguescarson/eligible-scroll-atlas-renders/resolve/main/PHerc0125/z11744_w020/surface-volumes.tar,https://huggingface.co/datasets/rodriguescarson/eligible-scroll-atlas-renders/resolve/main/PHerc0125/z11744_w020/ink-detection
PHerc0125,z11744_w040,4.49,,8.50,True,False,3851522,0.0002270766713947712,0.0003581674200702391,False,False,0.001624292941855194,0.006712930628463241,327,False,https://huggingface.co/datasets/rodriguescarson/eligible-scroll-atlas-renders/resolve/main/PHerc0125/z11744_w040/surface-volumes.tar,https://huggingface.co/datasets/rodriguescarson/eligible-scroll-atlas-renders/resolve/main/PHerc0125/z11744_w040/ink-detection
PHerc0125,z11744_w060,6.75,,12.30,True,False,5846123,0.0013438897693113334,0.0007256875253942071,False,False,0.004241101324758306,0.0051470008414123344,300,False,https://huggingface.co/datasets/rodriguescarson/eligible-scroll-atlas-renders/resolve/main/PHerc0125/z11744_w060/surface-volumes.tar,https://huggingface.co/datasets/rodriguescarson/eligible-scroll-atlas-renders/resolve/main/PHerc0125/z11744_w060/ink-detection
PHerc0125,z11744_w080,8.32,,14.00,True,False,7222769,0.00044869081612194326,0.00037111343202609324,False,False,0.00834043010374553,0.007929922720773709,227,False,https://huggingface.co/datasets/rodriguescarson/eligible-scroll-atlas-renders/resolve/main/PHerc0125/z11744_w080/surface-volumes.tar,https://huggingface.co/datasets/rodriguescarson/eligible-scroll-atlas-renders/resolve/main/PHerc0125/z11744_w080/ink-detection
PHerc0125,z11744_w100,10.29,,15.50,True,False,7381817,0.003657228362788638,0.004259539544326896,False,False,0.01613329076025591,0.007461442081265358,121,False,https://huggingface.co/datasets/rodriguescarson/eligible-scroll-atlas-renders/resolve/main/PHerc0125/z11744_w100/surface-volumes.tar,https://huggingface.co/datasets/rodriguescarson/eligible-scroll-atlas-renders/resolve/main/PHerc0125/z11744_w100/ink-detection
PHerc0125,z14144_w020,2.31,,4.70,True,False,1940421,0.000312666804330971,0.0012102445619353005,False,False,0.00873624847391365,0.018114625640518217,220,False,https://huggingface.co/datasets/rodriguescarson/eligible-scroll-atlas-renders/resolve/main/PHerc0125/z14144_w020/surface-volumes.tar,https://huggingface.co/datasets/rodriguescarson/eligible-scroll-atlas-renders/resolve/main/PHerc0125/z14144_w020/ink-detection
PHerc0125,z14144_w040,4.48,,8.00,True,False,3855819,0.0011532294102440715,0.00041425020712510354,False,False,0.005722000954920342,0.016231571035881093,276,False,https://huggingface.co/datasets/rodriguescarson/eligible-scroll-atlas-renders/resolve/main/PHerc0125/z14144_w040/surface-volumes.tar,https://huggingface.co/datasets/rodriguescarson/eligible-scroll-atlas-renders/resolve/main/PHerc0125/z14144_w040/ink-detection
PHerc0125,z14144_w060,6.81,,5.60,True,False,5908891,0.0008501531459987587,0.0014887282688404468,False,False,0.011297551435624721,0.004919704898939581,178,False,https://huggingface.co/datasets/rodriguescarson/eligible-scroll-atlas-renders/resolve/main/PHerc0125/z14144_w060/surface-volumes.tar,https://huggingface.co/datasets/rodriguescarson/eligible-scroll-atlas-renders/resolve/main/PHerc0125/z14144_w060/ink-detection
PHerc0125,z14144_w080,8.60,,7.10,True,False,7340904,0.00413993983539961,0.00090121928075873,False,False,0.007984030304714515,0.013722015708147116,236,False,https://huggingface.co/datasets/rodriguescarson/eligible-scroll-atlas-renders/resolve/main/PHerc0125/z14144_w080/surface-volumes.tar,https://huggingface.co/datasets/rodriguescarson/eligible-scroll-atlas-renders/resolve/main/PHerc0125/z14144_w080/ink-detection
PHerc0125,z14144_w100,10.28,,11.50,True,False,8120925,8.336056716853377e-05,0.00012108238806602669,False,False,0.004294707807300277,0.0036072245464648426,299,False,https://huggingface.co/datasets/rodriguescarson/eligible-scroll-atlas-renders/resolve/main/PHerc0125/z14144_w100/surface-volumes.tar,https://huggingface.co/datasets/rodriguescarson/eligible-scroll-atlas-renders/resolve/main/PHerc0125/z14144_w100/ink-detection
PHerc0125,z14736_w020,2.44,aprova,7.70,True,False,2068637,0.0018386284736504385,0.0005246695221851114,False,False,0.006580178155954863,0.01380184150239989,260,False,https://huggingface.co/datasets/rodriguescarson/eligible-scroll-atlas-renders/resolve/main/PHerc0125/z14736_w020/surface-volumes.tar,https://huggingface.co/datasets/rodriguescarson/eligible-scroll-atlas-renders/resolve/main/PHerc0125/z14736_w020/ink-detection
PHerc0125,z14736_w040,4.65,,10.00,True,False,4049087,0.0005315226828181029,0.0019352098381460862,False,False,0.002805076798794395,0.013784342001048631,312,False,https://huggingface.co/datasets/rodriguescarson/eligible-scroll-atlas-renders/resolve/main/PHerc0125/z14736_w040/surface-volumes.tar,https://huggingface.co/datasets/rodriguescarson/eligible-scroll-atlas-renders/resolve/main/PHerc0125/z14736_w040/ink-detection
PHerc0125,z14736_w060,6.67,,9.00,True,False,5797872,0.0011262246611694583,0.0008766236310305829,False,False,0.014688320128488521,0.01726254046312164,143,False,https://huggingface.co/datasets/rodriguescarson/eligible-scroll-atlas-renders/resolve/main/PHerc0125/z14736_w060/surface-volumes.tar,https://huggingface.co/datasets/rodriguescarson/eligible-scroll-atlas-renders/resolve/main/PHerc0125/z14736_w060/ink-detection
PHerc0125,z14736_w080,8.55,,9.60,True,False,7389850,0.0009050922702662855,0.0011432677107308723,False,False,0.007016921859036381,0.009539977130794266,250,False,https://huggingface.co/datasets/rodriguescarson/eligible-scroll-atlas-renders/resolve/main/PHerc0125/z14736_w080/surface-volumes.tar,https://huggingface.co/datasets/rodriguescarson/eligible-scroll-atlas-renders/resolve/main/PHerc0125/z14736_w080/ink-detection
PHerc0125,z14736_w100,10.19,,8.00,True,False,7271406,0.0005513613945074002,0.00013640992991468463,False,False,0.005862690104224685,0.0069067797892182065,275,False,https://huggingface.co/datasets/rodriguescarson/eligible-scroll-atlas-renders/resolve/main/PHerc0125/z14736_w100/surface-volumes.tar,https://huggingface.co/datasets/rodriguescarson/eligible-scroll-atlas-renders/resolve/main/PHerc0125/z14736_w100/ink-detection
PHerc0125,z15344_w020,2.51,,6.30,True,False,2125275,0.0007249374018777212,0.0007058132863680636,False,False,0.009542294526590677,0.015757960734493183,210,False,https://huggingface.co/datasets/rodriguescarson/eligible-scroll-atlas-renders/resolve/main/PHerc0125/z15344_w020/surface-volumes.tar,https://huggingface.co/datasets/rodriguescarson/eligible-scroll-atlas-renders/resolve/main/PHerc0125/z15344_w020/ink-detection
PHerc0125,z15344_w040,4.75,,7.20,True,False,4123997,0.0009637371534204413,0.0008304836345872007,False,False,0.007838512006677017,0.014378283980322972,239,False,https://huggingface.co/datasets/rodriguescarson/eligible-scroll-atlas-renders/resolve/main/PHerc0125/z15344_w040/surface-volumes.tar,https://huggingface.co/datasets/rodriguescarson/eligible-scroll-atlas-renders/resolve/main/PHerc0125/z15344_w040/ink-detection
PHerc0125,z16544_w020,2.54,aprova,5.60,True,False,2171508,2.0901098613995898e-05,0.00598685843424645,False,False,0.009123613636238042,0.0309812351600823,216,False,https://huggingface.co/datasets/rodriguescarson/eligible-scroll-atlas-renders/resolve/main/PHerc0125/z16544_w020/surface-volumes.tar,https://huggingface.co/datasets/rodriguescarson/eligible-scroll-atlas-renders/resolve/main/PHerc0125/z16544_w020/ink-detection
PHerc0125,z16544_w040,4.74,,6.70,True,False,4138357,0.0017699232370371352,0.0018595280296134697,False,False,0.0056309786710039755,0.01609769287666579,278,False,https://huggingface.co/datasets/rodriguescarson/eligible-scroll-atlas-renders/resolve/main/PHerc0125/z16544_w040/surface-volumes.tar,https://huggingface.co/datasets/rodriguescarson/eligible-scroll-atlas-renders/resolve/main/PHerc0125/z16544_w040/ink-detection
PHerc0125,z16544_w060,6.84,,12.00,True,False,5973723,0.0013184011723628886,1.4261551143348554e-06,False,False,0.010785903531181477,0.006675234188126902,190,False,https://huggingface.co/datasets/rodriguescarson/eligible-scroll-atlas-renders/resolve/main/PHerc0125/z16544_w060/surface-volumes.tar,https://huggingface.co/datasets/rodriguescarson/eligible-scroll-atlas-renders/resolve/main/PHerc0125/z16544_w060/ink-detection
PHerc0125,z16544_w080,8.47,,6.40,True,False,6548946,0.0010577428552906419,0.0016284850757334354,False,False,0.010583382425202468,0.006082200097542414,198,False,https://huggingface.co/datasets/rodriguescarson/eligible-scroll-atlas-renders/resolve/main/PHerc0125/z16544_w080/surface-volumes.tar,https://huggingface.co/datasets/rodriguescarson/eligible-scroll-atlas-renders/resolve/main/PHerc0125/z16544_w080/ink-detection
PHerc0125,z16544_w100,9.89,parcial,6.50,True,False,6009320,0.0007533158802827319,0.000841756140303391,False,False,0.006619218147810402,0.0025728368600773464,258,False,https://huggingface.co/datasets/rodriguescarson/eligible-scroll-atlas-renders/resolve/main/PHerc0125/z16544_w100/surface-volumes.tar,https://huggingface.co/datasets/rodriguescarson/eligible-scroll-atlas-renders/resolve/main/PHerc0125/z16544_w100/ink-detection
PHerc0125,z17136_w020,2.31,reprova,6.40,True,True,1966881,0.0023979005753231087,0.003732630961707609,False,False,0.01502785374407501,0.013503613080811702,139,False,https://huggingface.co/datasets/rodriguescarson/eligible-scroll-atlas-renders/resolve/main/PHerc0125/z17136_w020/surface-volumes.tar,https://huggingface.co/datasets/rodriguescarson/eligible-scroll-atlas-renders/resolve/main/PHerc0125/z17136_w020/ink-detection
PHerc0125,z17136_w040,4.44,,5.90,True,False,3865608,0.003353849619053215,0.0016055584934484988,False,False,0.005614382006659755,0.020788709046545846,279,False,https://huggingface.co/datasets/rodriguescarson/eligible-scroll-atlas-renders/resolve/main/PHerc0125/z17136_w040/surface-volumes.tar,https://huggingface.co/datasets/rodriguescarson/eligible-scroll-atlas-renders/resolve/main/PHerc0125/z17136_w040/ink-detection
PHerc0125,z17136_w060,6.54,,22.10,True,False,5725091,0.0029660148267675397,0.0019472532123560806,False,False,0.007058403089138671,0.006830459114099671,248,False,https://huggingface.co/datasets/rodriguescarson/eligible-scroll-atlas-renders/resolve/main/PHerc0125/z17136_w060/surface-volumes.tar,https://huggingface.co/datasets/rodriguescarson/eligible-scroll-atlas-renders/resolve/main/PHerc0125/z17136_w060/ink-detection
PHerc0125,z17136_w080,8.30,,21.70,True,False,6447050,0.0029064590311284463,0.0019494828761024202,False,False,0.00944028664272807,0.013362855879821004,212,False,https://huggingface.co/datasets/rodriguescarson/eligible-scroll-atlas-renders/resolve/main/PHerc0125/z17136_w080/surface-volumes.tar,https://huggingface.co/datasets/rodriguescarson/eligible-scroll-atlas-renders/resolve/main/PHerc0125/z17136_w080/ink-detection
PHerc0125,z17136_w100,10.05,,11.30,True,False,6596006,0.0009761134654479777,0.003324635581199722,False,False,0.004428589058287697,0.008372794081751896,296,False,https://huggingface.co/datasets/rodriguescarson/eligible-scroll-atlas-renders/resolve/main/PHerc0125/z17136_w100/surface-volumes.tar,https://huggingface.co/datasets/rodriguescarson/eligible-scroll-atlas-renders/resolve/main/PHerc0125/z17136_w100/ink-detection
PHerc0211,z3712_w020,1.98,aprova,11.20,True,False,1670684,0.0002704975457157829,0.007221944933943141,False,False,0.013741677061610693,0.02356819123185474,158,False,https://huggingface.co/datasets/rodriguescarson/eligible-scroll-atlas-renders/resolve/main/PHerc0211/z3712_w020/surface-volumes.tar,https://huggingface.co/datasets/rodriguescarson/eligible-scroll-atlas-renders/resolve/main/PHerc0211/z3712_w020/ink-detection
PHerc0211,z3712_w040,3.98,,21.40,True,False,3488300,0.0003939535189111255,0.010652210128078304,False,False,0.01234354843333429,0.046855488346759164,170,False,https://huggingface.co/datasets/rodriguescarson/eligible-scroll-atlas-renders/resolve/main/PHerc0211/z3712_w040/surface-volumes.tar,https://huggingface.co/datasets/rodriguescarson/eligible-scroll-atlas-renders/resolve/main/PHerc0211/z3712_w040/ink-detection
PHerc0211,z3712_w060,5.86,,22.20,True,False,5193680,0.0010680534952953137,0.0037908788450290477,False,False,0.01155770089801451,0.008509188090140325,175,False,https://huggingface.co/datasets/rodriguescarson/eligible-scroll-atlas-renders/resolve/main/PHerc0211/z3712_w060/surface-volumes.tar,https://huggingface.co/datasets/rodriguescarson/eligible-scroll-atlas-renders/resolve/main/PHerc0211/z3712_w060/ink-detection
PHerc0211,z3712_w080,7.37,,10.90,True,False,6467277,0.0014321177923105682,0.0014125017456817616,False,False,0.013676853488724853,0.009122386438681998,159,False,https://huggingface.co/datasets/rodriguescarson/eligible-scroll-atlas-renders/resolve/main/PHerc0211/z3712_w080/surface-volumes.tar,https://huggingface.co/datasets/rodriguescarson/eligible-scroll-atlas-renders/resolve/main/PHerc0211/z3712_w080/ink-detection
PHerc0211,z3712_w100,8.61,,29.30,True,False,6961477,0.004759071010413425,0.0031073182477145134,False,False,0.012658233303076345,0.010762514908833284,165,False,https://huggingface.co/datasets/rodriguescarson/eligible-scroll-atlas-renders/resolve/main/PHerc0211/z3712_w100/surface-volumes.tar,https://huggingface.co/datasets/rodriguescarson/eligible-scroll-atlas-renders/resolve/main/PHerc0211/z3712_w100/ink-detection
PHerc0211,z4320_w020,1.90,reprova,5.20,True,True,1597373,0.0,2.9579392865213806e-05,False,False,0.004826674796681802,0.014659068357860062,290,False,https://huggingface.co/datasets/rodriguescarson/eligible-scroll-atlas-renders/resolve/main/PHerc0211/z4320_w020/surface-volumes.tar,https://huggingface.co/datasets/rodriguescarson/eligible-scroll-atlas-renders/resolve/main/PHerc0211/z4320_w020/ink-detection
PHerc0211,z4320_w040,3.89,,6.00,True,False,3346622,8.194002329357076e-06,0.003528506934103833,False,False,0.016008082179582876,0.05217171225193643,125,False,https://huggingface.co/datasets/rodriguescarson/eligible-scroll-atlas-renders/resolve/main/PHerc0211/z4320_w040/surface-volumes.tar,https://huggingface.co/datasets/rodriguescarson/eligible-scroll-atlas-renders/resolve/main/PHerc0211/z4320_w040/ink-detection
PHerc0211,z4320_w060,6.14,,7.80,True,False,5354694,0.0008770194410392106,0.0006357286945216755,False,False,0.024627177575413273,0.02052143409128514,49,False,https://huggingface.co/datasets/rodriguescarson/eligible-scroll-atlas-renders/resolve/main/PHerc0211/z4320_w060/surface-volumes.tar,https://huggingface.co/datasets/rodriguescarson/eligible-scroll-atlas-renders/resolve/main/PHerc0211/z4320_w060/ink-detection
PHerc0211,z4320_w080,8.33,,7.00,True,False,7286956,0.0026661071950988212,0.0031683325235718537,False,False,0.032335312577707345,0.039483153184951304,30,False,https://huggingface.co/datasets/rodriguescarson/eligible-scroll-atlas-renders/resolve/main/PHerc0211/z4320_w080/surface-volumes.tar,https://huggingface.co/datasets/rodriguescarson/eligible-scroll-atlas-renders/resolve/main/PHerc0211/z4320_w080/ink-detection
PHerc0211,z4320_w100,10.06,,29.60,True,False,4559244,0.005637560393913617,0.005183925433779356,False,False,0.0032610669663654763,0.0036582819432344487,309,False,https://huggingface.co/datasets/rodriguescarson/eligible-scroll-atlas-renders/resolve/main/PHerc0211/z4320_w100/surface-volumes.tar,https://huggingface.co/datasets/rodriguescarson/eligible-scroll-atlas-renders/resolve/main/PHerc0211/z4320_w100/ink-detection
PHerc0211,z4912_w020,2.01,aprova,5.90,True,False,1696141,5.014849526653926e-06,0.0009912685897685925,False,False,0.01495394545618554,0.06977898653472794,140,False,https://huggingface.co/datasets/rodriguescarson/eligible-scroll-atlas-renders/resolve/main/PHerc0211/z4912_w020/surface-volumes.tar,https://huggingface.co/datasets/rodriguescarson/eligible-scroll-atlas-renders/resolve/main/PHerc0211/z4912_w020/ink-detection
PHerc0211,z4912_w040,4.10,,9.30,True,False,3531763,9.531688849262766e-05,0.0004797973712887325,False,False,0.008210913359701656,0.02092411070618272,232,False,https://huggingface.co/datasets/rodriguescarson/eligible-scroll-atlas-renders/resolve/main/PHerc0211/z4912_w040/surface-volumes.tar,https://huggingface.co/datasets/rodriguescarson/eligible-scroll-atlas-renders/resolve/main/PHerc0211/z4912_w040/ink-detection
PHerc0211,z4912_w060,6.30,,7.30,True,False,5497701,0.00014203753096418174,0.00026444805764967656,False,False,0.016152206167632615,0.006992013570763489,120,False,https://huggingface.co/datasets/rodriguescarson/eligible-scroll-atlas-renders/resolve/main/PHerc0211/z4912_w060/surface-volumes.tar,https://huggingface.co/datasets/rodriguescarson/eligible-scroll-atlas-renders/resolve/main/PHerc0211/z4912_w060/ink-detection
PHerc0211,z4912_w080,8.46,reprova,6.30,True,True,7406564,0.002399018204675491,0.0009521942261498353,False,False,0.015164116586314518,0.015228248888418436,135,False,https://huggingface.co/datasets/rodriguescarson/eligible-scroll-atlas-renders/resolve/main/PHerc0211/z4912_w080/surface-volumes.tar,https://huggingface.co/datasets/rodriguescarson/eligible-scroll-atlas-renders/resolve/main/PHerc0211/z4912_w080/ink-detection
PHerc0211,z4912_w100,9.77,,10.70,True,False,3354003,0.007066736368552377,0.008503423837988671,False,False,2.981511942595162e-07,0.0012188420821329022,336,False,https://huggingface.co/datasets/rodriguescarson/eligible-scroll-atlas-renders/resolve/main/PHerc0211/z4912_w100/surface-volumes.tar,https://huggingface.co/datasets/rodriguescarson/eligible-scroll-atlas-renders/resolve/main/PHerc0211/z4912_w100/ink-detection
PHerc0211,z5520_w020,1.87,aprova,7.40,True,False,1547093,3.2367993550829964e-05,0.005963650132525558,False,False,0.014521428252858749,0.13269855141222925,148,False,https://huggingface.co/datasets/rodriguescarson/eligible-scroll-atlas-renders/resolve/main/PHerc0211/z5520_w020/surface-volumes.tar,https://huggingface.co/datasets/rodriguescarson/eligible-scroll-atlas-renders/resolve/main/PHerc0211/z5520_w020/ink-detection
PHerc0211,z5520_w040,3.99,,13.10,True,False,3400533,0.0008139315730395174,0.002320038561676165,False,False,0.029043976341355898,0.058565818946618074,39,False,https://huggingface.co/datasets/rodriguescarson/eligible-scroll-atlas-renders/resolve/main/PHerc0211/z5520_w040/surface-volumes.tar,https://huggingface.co/datasets/rodriguescarson/eligible-scroll-atlas-renders/resolve/main/PHerc0211/z5520_w040/ink-detection
PHerc0211,z5520_w060,6.26,,5.30,True,False,5435746,0.0011438938767296368,4.9091169264610806e-05,False,False,0.0047588684239476976,0.016671492744510137,291,False,https://huggingface.co/datasets/rodriguescarson/eligible-scroll-atlas-renders/resolve/main/PHerc0211/z5520_w060/surface-volumes.tar,https://huggingface.co/datasets/rodriguescarson/eligible-scroll-atlas-renders/resolve/main/PHerc0211/z5520_w060/ink-detection
PHerc0211,z5520_w080,8.62,,11.00,True,False,7541686,0.0030111225259059396,0.003009868152847866,False,False,0.019822755813487858,0.02155844197172887,83,False,https://huggingface.co/datasets/rodriguescarson/eligible-scroll-atlas-renders/resolve/main/PHerc0211/z5520_w080/surface-volumes.tar,https://huggingface.co/datasets/rodriguescarson/eligible-scroll-atlas-renders/resolve/main/PHerc0211/z5520_w080/ink-detection
PHerc0211,z5520_w100,9.75,,8.90,True,False,2297402,0.009491998645055994,0.016640354748976093,False,False,0.03178024568621425,0.022827959582171514,32,False,https://huggingface.co/datasets/rodriguescarson/eligible-scroll-atlas-renders/resolve/main/PHerc0211/z5520_w100/surface-volumes.tar,https://huggingface.co/datasets/rodriguescarson/eligible-scroll-atlas-renders/resolve/main/PHerc0211/z5520_w100/ink-detection
PHerc0211,z6112_w020,1.95,aprova,3.80,True,False,1621447,0.0004160538515864821,0.0015709820502481174,False,False,0.02187798922814005,0.1257685265074961,64,False,https://huggingface.co/datasets/rodriguescarson/eligible-scroll-atlas-renders/resolve/main/PHerc0211/z6112_w020/surface-volumes.tar,https://huggingface.co/datasets/rodriguescarson/eligible-scroll-atlas-renders/resolve/main/PHerc0211/z6112_w020/ink-detection
PHerc0211,z6112_w040,4.10,,5.10,True,False,3501366,0.00043210076589860754,0.011617569217141438,False,False,0.020116434557255654,0.08042175539489445,78,False,https://huggingface.co/datasets/rodriguescarson/eligible-scroll-atlas-renders/resolve/main/PHerc0211/z6112_w040/surface-volumes.tar,https://huggingface.co/datasets/rodriguescarson/eligible-scroll-atlas-renders/resolve/main/PHerc0211/z6112_w040/ink-detection
PHerc0211,z6112_w060,6.42,,8.10,True,False,5572820,0.00060425998192315,0.000997079919581454,False,False,0.0059307496025351614,0.007612662888806744,273,False,https://huggingface.co/datasets/rodriguescarson/eligible-scroll-atlas-renders/resolve/main/PHerc0211/z6112_w060/surface-volumes.tar,https://huggingface.co/datasets/rodriguescarson/eligible-scroll-atlas-renders/resolve/main/PHerc0211/z6112_w060/ink-detection
PHerc0211,z6112_w080,8.72,parcial,8.30,True,False,7630602,0.009326679901419123,0.003976503931475672,False,False,0.03840037784699032,0.032310294784081255,23,False,https://huggingface.co/datasets/rodriguescarson/eligible-scroll-atlas-renders/resolve/main/PHerc0211/z6112_w080/surface-volumes.tar,https://huggingface.co/datasets/rodriguescarson/eligible-scroll-atlas-renders/resolve/main/PHerc0211/z6112_w080/ink-detection
PHerc0211,z6112_w100,9.50,,7.90,True,False,2043463,0.00820373550890142,0.011577606199406402,False,False,0.008858491687884733,0.003953093351824819,219,False,https://huggingface.co/datasets/rodriguescarson/eligible-scroll-atlas-renders/resolve/main/PHerc0211/z6112_w100/surface-volumes.tar,https://huggingface.co/datasets/rodriguescarson/eligible-scroll-atlas-renders/resolve/main/PHerc0211/z6112_w100/ink-detection
PHerc0211,z6720_w020,1.96,aprova,1.80,True,False,1618050,0.00014014238466281741,0.016992264140366614,False,False,0.048831000278112546,0.1704557955563796,13,False,https://huggingface.co/datasets/rodriguescarson/eligible-scroll-atlas-renders/resolve/main/PHerc0211/z6720_w020/surface-volumes.tar,https://huggingface.co/datasets/rodriguescarson/eligible-scroll-atlas-renders/resolve/main/PHerc0211/z6720_w020/ink-detection
PHerc0211,z6720_w040,4.17,,5.00,True,False,3552953,0.00018929309279887543,0.0008993418670528849,False,False,0.01633795887533553,0.035369733289463724,116,False,https://huggingface.co/datasets/rodriguescarson/eligible-scroll-atlas-renders/resolve/main/PHerc0211/z6720_w040/surface-volumes.tar,https://huggingface.co/datasets/rodriguescarson/eligible-scroll-atlas-renders/resolve/main/PHerc0211/z6720_w040/ink-detection
PHerc0211,z6720_w060,6.43,parcial,10.00,True,False,5562548,0.0002710169938196564,0.0005053089746750431,False,False,0.007758135300585271,0.017166413665104553,243,False,https://huggingface.co/datasets/rodriguescarson/eligible-scroll-atlas-renders/resolve/main/PHerc0211/z6720_w060/surface-volumes.tar,https://huggingface.co/datasets/rodriguescarson/eligible-scroll-atlas-renders/resolve/main/PHerc0211/z6720_w060/ink-detection
PHerc0211,z6720_w080,8.65,,11.00,True,False,7416096,0.005314539998426436,0.00262494435462265,False,False,0.025080851164817716,0.019566763968535468,47,False,https://huggingface.co/datasets/rodriguescarson/eligible-scroll-atlas-renders/resolve/main/PHerc0211/z6720_w080/surface-volumes.tar,https://huggingface.co/datasets/rodriguescarson/eligible-scroll-atlas-renders/resolve/main/PHerc0211/z6720_w080/ink-detection
PHerc0211,z6720_w100,9.28,reprova,20.10,True,True,514954,0.02667908758038013,0.03162342451245141,False,False,0.0002971139169712246,0.015080958687572093,335,False,https://huggingface.co/datasets/rodriguescarson/eligible-scroll-atlas-renders/resolve/main/PHerc0211/z6720_w100/surface-volumes.tar,https://huggingface.co/datasets/rodriguescarson/eligible-scroll-atlas-renders/resolve/main/PHerc0211/z6720_w100/ink-detection
PHerc0211,z7312_w020,1.97,,3.10,True,False,1635525,0.0008097727207092731,0.017069338955150604,False,False,0.018535332691337645,0.18075480350346218,96,False,https://huggingface.co/datasets/rodriguescarson/eligible-scroll-atlas-renders/resolve/main/PHerc0211/z7312_w020/surface-volumes.tar,https://huggingface.co/datasets/rodriguescarson/eligible-scroll-atlas-renders/resolve/main/PHerc0211/z7312_w020/ink-detection
PHerc0211,z7312_w040,4.10,,5.30,True,False,3490560,0.008167803303197569,0.005978852601985819,False,False,0.035852413366336634,0.05932114044737807,25,False,https://huggingface.co/datasets/rodriguescarson/eligible-scroll-atlas-renders/resolve/main/PHerc0211/z7312_w040/surface-volumes.tar,https://huggingface.co/datasets/rodriguescarson/eligible-scroll-atlas-renders/resolve/main/PHerc0211/z7312_w040/ink-detection
PHerc0211,z7312_w060,6.42,,6.40,True,False,5544297,0.0004898560540063739,0.0,False,False,0.008239637955903156,0.006367984976273818,230,False,https://huggingface.co/datasets/rodriguescarson/eligible-scroll-atlas-renders/resolve/main/PHerc0211/z7312_w060/surface-volumes.tar,https://huggingface.co/datasets/rodriguescarson/eligible-scroll-atlas-renders/resolve/main/PHerc0211/z7312_w060/ink-detection
PHerc0211,z7312_w080,8.59,,7.30,True,False,7456283,0.005845811809324528,0.0033247015101140888,False,False,0.031262627773114296,0.03140492387426819,33,False,https://huggingface.co/datasets/rodriguescarson/eligible-scroll-atlas-renders/resolve/main/PHerc0211/z7312_w080/surface-volumes.tar,https://huggingface.co/datasets/rodriguescarson/eligible-scroll-atlas-renders/resolve/main/PHerc0211/z7312_w080/ink-detection
PHerc0211,z7312_w100,9.30,,5.40,True,False,503958,0.009307537247041071,0.016610547416074505,False,False,0.0,0.00081752844483072,337,False,https://huggingface.co/datasets/rodriguescarson/eligible-scroll-atlas-renders/resolve/main/PHerc0211/z7312_w100/surface-volumes.tar,https://huggingface.co/datasets/rodriguescarson/eligible-scroll-atlas-renders/resolve/main/PHerc0211/z7312_w100/ink-detection
PHerc0211,z7920_w020,1.85,aprova,2.40,True,False,1524856,0.0033639162676017075,0.013476728266189234,False,False,0.08932843494729995,0.16985407146642043,5,False,https://huggingface.co/datasets/rodriguescarson/eligible-scroll-atlas-renders/resolve/main/PHerc0211/z7920_w020/surface-volumes.tar,https://huggingface.co/datasets/rodriguescarson/eligible-scroll-atlas-renders/resolve/main/PHerc0211/z7920_w020/ink-detection
PHerc0211,z7920_w040,3.90,,3.00,True,False,3330610,0.0014017057729049337,0.001444560110161189,False,False,0.04699289319373928,0.02362900489700085,16,False,https://huggingface.co/datasets/rodriguescarson/eligible-scroll-atlas-renders/resolve/main/PHerc0211/z7920_w040/surface-volumes.tar,https://huggingface.co/datasets/rodriguescarson/eligible-scroll-atlas-renders/resolve/main/PHerc0211/z7920_w040/ink-detection
PHerc0211,z7920_w060,6.23,,3.40,True,False,5405113,0.0013986432478060567,0.0019767887864963122,False,False,0.014845203051259057,0.016253684243049127,141,False,https://huggingface.co/datasets/rodriguescarson/eligible-scroll-atlas-renders/resolve/main/PHerc0211/z7920_w060/surface-volumes.tar,https://huggingface.co/datasets/rodriguescarson/eligible-scroll-atlas-renders/resolve/main/PHerc0211/z7920_w060/ink-detection
PHerc0211,z7920_w080,8.31,,5.70,True,False,7234876,0.004252418852660607,0.0029567824680931227,False,False,0.01673767456415286,0.0306321766952191,108,False,https://huggingface.co/datasets/rodriguescarson/eligible-scroll-atlas-renders/resolve/main/PHerc0211/z7920_w080/surface-volumes.tar,https://huggingface.co/datasets/rodriguescarson/eligible-scroll-atlas-renders/resolve/main/PHerc0211/z7920_w080/ink-detection
PHerc0211,z7920_w100,9.35,,,,False,1109155,0.01433226616892595,0.014668171893694496,False,False,0.0,0.0010728888207689638,338,False,https://huggingface.co/datasets/rodriguescarson/eligible-scroll-atlas-renders/resolve/main/PHerc0211/z7920_w100/surface-volumes.tar,https://huggingface.co/datasets/rodriguescarson/eligible-scroll-atlas-renders/resolve/main/PHerc0211/z7920_w100/ink-detection
PHerc0211,z9120_w020,2.09,aprova,3.30,True,False,1764100,0.0023073254636352433,0.009729776072616988,False,False,0.05445893089960886,0.111278272206791,10,False,https://huggingface.co/datasets/rodriguescarson/eligible-scroll-atlas-renders/resolve/main/PHerc0211/z9120_w020/surface-volumes.tar,https://huggingface.co/datasets/rodriguescarson/eligible-scroll-atlas-renders/resolve/main/PHerc0211/z9120_w020/ink-detection
PHerc0211,z9120_w040,4.16,,6.00,True,False,3591750,0.0002703781397562753,0.0029767922358560905,False,False,0.012390617387067586,0.0427053664648152,169,False,https://huggingface.co/datasets/rodriguescarson/eligible-scroll-atlas-renders/resolve/main/PHerc0211/z9120_w040/surface-volumes.tar,https://huggingface.co/datasets/rodriguescarson/eligible-scroll-atlas-renders/resolve/main/PHerc0211/z9120_w040/ink-detection
PHerc0211,z9120_w060,6.36,,7.70,True,False,5529659,0.000278110640143646,0.0005697334208600768,False,False,0.005518785154744623,0.0045623066449486304,281,False,https://huggingface.co/datasets/rodriguescarson/eligible-scroll-atlas-renders/resolve/main/PHerc0211/z9120_w060/surface-volumes.tar,https://huggingface.co/datasets/rodriguescarson/eligible-scroll-atlas-renders/resolve/main/PHerc0211/z9120_w060/ink-detection
PHerc0211,z9120_w080,8.78,,5.40,True,False,7717689,0.004174750354709739,0.0016220906384824332,False,False,0.03382256009538607,0.02420867179281259,29,False,https://huggingface.co/datasets/rodriguescarson/eligible-scroll-atlas-renders/resolve/main/PHerc0211/z9120_w080/surface-volumes.tar,https://huggingface.co/datasets/rodriguescarson/eligible-scroll-atlas-renders/resolve/main/PHerc0211/z9120_w080/ink-detection
PHerc0211,z9120_w100,9.37,reprova,,,True,199059,0.012005340085618717,0.007758888237525432,False,False,0.0,0.0,339,False,https://huggingface.co/datasets/rodriguescarson/eligible-scroll-atlas-renders/resolve/main/PHerc0211/z9120_w100/surface-volumes.tar,https://huggingface.co/datasets/rodriguescarson/eligible-scroll-atlas-renders/resolve/main/PHerc0211/z9120_w100/ink-detection
PHerc0211,z9712_w020,2.07,,3.60,True,False,1749688,0.004105836458141973,0.012532013529430834,False,False,0.055829953683170945,0.21076271883901587,9,False,https://huggingface.co/datasets/rodriguescarson/eligible-scroll-atlas-renders/resolve/main/PHerc0211/z9712_w020/surface-volumes.tar,https://huggingface.co/datasets/rodriguescarson/eligible-scroll-atlas-renders/resolve/main/PHerc0211/z9712_w020/ink-detection
PHerc0211,z9712_w040,4.41,,5.70,True,False,3835071,0.0014117772410853814,0.004530808511310003,False,False,0.025591442765987904,0.05459325264121577,45,False,https://huggingface.co/datasets/rodriguescarson/eligible-scroll-atlas-renders/resolve/main/PHerc0211/z9712_w040/surface-volumes.tar,https://huggingface.co/datasets/rodriguescarson/eligible-scroll-atlas-renders/resolve/main/PHerc0211/z9712_w040/ink-detection
PHerc0211,z9712_w060,6.54,,5.00,True,False,5691899,0.0012365885310650913,5.2341492513504934e-05,False,False,0.007923893238442916,0.00439519394142447,238,False,https://huggingface.co/datasets/rodriguescarson/eligible-scroll-atlas-renders/resolve/main/PHerc0211/z9712_w060/surface-volumes.tar,https://huggingface.co/datasets/rodriguescarson/eligible-scroll-atlas-renders/resolve/main/PHerc0211/z9712_w060/ink-detection
PHerc0211,z9712_w080,9.35,,6.50,True,False,8299391,0.004694626372824461,0.0023412130112744917,False,False,0.04719695698154238,0.0327998765210604,15,False,https://huggingface.co/datasets/rodriguescarson/eligible-scroll-atlas-renders/resolve/main/PHerc0211/z9712_w080/surface-volumes.tar,https://huggingface.co/datasets/rodriguescarson/eligible-scroll-atlas-renders/resolve/main/PHerc0211/z9712_w080/ink-detection
PHerc0211,z9712_w100,9.57,,17.50,True,False,123715,0.00845662752123646,0.0073558995225117855,False,False,0.0,0.002901830820838217,340,False,https://huggingface.co/datasets/rodriguescarson/eligible-scroll-atlas-renders/resolve/main/PHerc0211/z9712_w100/surface-volumes.tar,https://huggingface.co/datasets/rodriguescarson/eligible-scroll-atlas-renders/resolve/main/PHerc0211/z9712_w100/ink-detection
PHerc0211,z10320_w020,2.25,aprova,4.70,True,False,1927263,0.0005753898118691332,0.010497427438042497,False,False,0.028141981660001775,0.08449754911498845,41,False,https://huggingface.co/datasets/rodriguescarson/eligible-scroll-atlas-renders/resolve/main/PHerc0211/z10320_w020/surface-volumes.tar,https://huggingface.co/datasets/rodriguescarson/eligible-scroll-atlas-renders/resolve/main/PHerc0211/z10320_w020/ink-detection
PHerc0211,z10320_w040,4.58,,4.30,True,False,4019233,0.0012374460544608082,0.007446332221193306,False,False,0.01902328130765248,0.04281787097189937,92,False,https://huggingface.co/datasets/rodriguescarson/eligible-scroll-atlas-renders/resolve/main/PHerc0211/z10320_w040/surface-volumes.tar,https://huggingface.co/datasets/rodriguescarson/eligible-scroll-atlas-renders/resolve/main/PHerc0211/z10320_w040/ink-detection
PHerc0211,z10320_w060,6.57,,3.40,True,False,5777980,0.0027470970932450822,0.0017559085676482485,False,False,0.00681241541161444,0.005640206438928484,254,False,https://huggingface.co/datasets/rodriguescarson/eligible-scroll-atlas-renders/resolve/main/PHerc0211/z10320_w060/surface-volumes.tar,https://huggingface.co/datasets/rodriguescarson/eligible-scroll-atlas-renders/resolve/main/PHerc0211/z10320_w060/ink-detection
PHerc0211,z10320_w080,8.65,,11.30,True,False,7626109,0.0017284195221651834,0.0020694357131719895,False,False,0.020351925208517214,0.02820560262120565,73,False,https://huggingface.co/datasets/rodriguescarson/eligible-scroll-atlas-renders/resolve/main/PHerc0211/z10320_w080/surface-volumes.tar,https://huggingface.co/datasets/rodriguescarson/eligible-scroll-atlas-renders/resolve/main/PHerc0211/z10320_w080/ink-detection
PHerc0211,z10320_w100,9.86,,25.60,True,False,3043113,0.014356070009930487,0.00968874131082423,False,False,0.016503823551737972,0.006278767827550275,114,False,https://huggingface.co/datasets/rodriguescarson/eligible-scroll-atlas-renders/resolve/main/PHerc0211/z10320_w100/surface-volumes.tar,https://huggingface.co/datasets/rodriguescarson/eligible-scroll-atlas-renders/resolve/main/PHerc0211/z10320_w100/ink-detection
PHerc0211,z10912_w020,2.20,reprova,4.50,True,True,1897290,0.0038855103528827387,0.008086709070978514,False,False,0.03503154499312177,0.11068471345972414,26,False,https://huggingface.co/datasets/rodriguescarson/eligible-scroll-atlas-renders/resolve/main/PHerc0211/z10912_w020/surface-volumes.tar,https://huggingface.co/datasets/rodriguescarson/eligible-scroll-atlas-renders/resolve/main/PHerc0211/z10912_w020/ink-detection
PHerc0211,z10912_w040,4.26,,4.40,True,False,3749866,0.001579021470957662,0.002626908362758105,False,False,0.00821389350979475,0.024332069465948916,231,False,https://huggingface.co/datasets/rodriguescarson/eligible-scroll-atlas-renders/resolve/main/PHerc0211/z10912_w040/surface-volumes.tar,https://huggingface.co/datasets/rodriguescarson/eligible-scroll-atlas-renders/resolve/main/PHerc0211/z10912_w040/ink-detection
PHerc0211,z10912_w060,6.23,,7.10,True,False,5513717,0.0011620123238530063,0.00018056675992516436,False,False,0.0025519989509798927,0.004773367947611385,314,False,https://huggingface.co/datasets/rodriguescarson/eligible-scroll-atlas-renders/resolve/main/PHerc0211/z10912_w060/surface-volumes.tar,https://huggingface.co/datasets/rodriguescarson/eligible-scroll-atlas-renders/resolve/main/PHerc0211/z10912_w060/ink-detection
PHerc0211,z10912_w080,8.28,,11.20,True,False,7342056,0.002338186294412972,0.0011778581233928191,False,False,0.010493654638428255,0.011160089217516184,199,False,https://huggingface.co/datasets/rodriguescarson/eligible-scroll-atlas-renders/resolve/main/PHerc0211/z10912_w080/surface-volumes.tar,https://huggingface.co/datasets/rodriguescarson/eligible-scroll-atlas-renders/resolve/main/PHerc0211/z10912_w080/ink-detection
PHerc0211,z10912_w100,10.03,,39.70,False,False,6594589,0.0042264649079818365,0.0041933054679198925,False,False,0.008070404387597164,0.007098850284680365,234,False,https://huggingface.co/datasets/rodriguescarson/eligible-scroll-atlas-renders/resolve/main/PHerc0211/z10912_w100/surface-volumes.tar,https://huggingface.co/datasets/rodriguescarson/eligible-scroll-atlas-renders/resolve/main/PHerc0211/z10912_w100/ink-detection
PHerc0211,z11520_w020,1.97,aprova,4.50,True,False,1669728,0.004152944320874123,0.005071416599093079,False,False,0.08947145882443129,0.12064120623239234,4,False,https://huggingface.co/datasets/rodriguescarson/eligible-scroll-atlas-renders/resolve/main/PHerc0211/z11520_w020/surface-volumes.tar,https://huggingface.co/datasets/rodriguescarson/eligible-scroll-atlas-renders/resolve/main/PHerc0211/z11520_w020/ink-detection
PHerc0211,z11520_w040,3.88,reprova,12.10,True,True,3373731,0.0007573433706799043,0.0010912922616387218,False,False,0.006681623401510079,0.02473463355555022,257,False,https://huggingface.co/datasets/rodriguescarson/eligible-scroll-atlas-renders/resolve/main/PHerc0211/z11520_w040/surface-volumes.tar,https://huggingface.co/datasets/rodriguescarson/eligible-scroll-atlas-renders/resolve/main/PHerc0211/z11520_w040/ink-detection
PHerc0211,z11520_w060,5.59,,7.70,True,False,4907418,0.0007314004969357174,0.0009559126747925674,False,False,0.005895564632969925,0.0035641960803012907,274,False,https://huggingface.co/datasets/rodriguescarson/eligible-scroll-atlas-renders/resolve/main/PHerc0211/z11520_w060/surface-volumes.tar,https://huggingface.co/datasets/rodriguescarson/eligible-scroll-atlas-renders/resolve/main/PHerc0211/z11520_w060/ink-detection
PHerc0211,z11520_w080,7.52,,18.00,True,False,6617510,0.00023305670598509638,0.00016128095972465565,False,False,0.0012113317546932306,0.00303150278579103,331,False,https://huggingface.co/datasets/rodriguescarson/eligible-scroll-atlas-renders/resolve/main/PHerc0211/z11520_w080/surface-volumes.tar,https://huggingface.co/datasets/rodriguescarson/eligible-scroll-atlas-renders/resolve/main/PHerc0211/z11520_w080/ink-detection
PHerc0211,z11520_w100,9.47,,6.10,True,False,6763543,0.0011705579823012417,0.0021093278480544915,False,False,0.021158289375849314,0.017021700017283842,66,False,https://huggingface.co/datasets/rodriguescarson/eligible-scroll-atlas-renders/resolve/main/PHerc0211/z11520_w100/surface-volumes.tar,https://huggingface.co/datasets/rodriguescarson/eligible-scroll-atlas-renders/resolve/main/PHerc0211/z11520_w100/ink-detection
PHerc0211,z12112_w020,1.67,reprova,23.40,True,True,1388409,0.0005951610816405745,0.0013040428733886728,False,False,0.018086889382019276,0.033264693616938526,97,False,https://huggingface.co/datasets/rodriguescarson/eligible-scroll-atlas-renders/resolve/main/PHerc0211/z12112_w020/surface-volumes.tar,https://huggingface.co/datasets/rodriguescarson/eligible-scroll-atlas-renders/resolve/main/PHerc0211/z12112_w020/ink-detection
PHerc0211,z12112_w040,3.80,,8.10,True,False,3287392,0.0006593065200006904,0.0024473734171753378,False,False,0.02049071117773603,0.025199306927801736,71,False,https://huggingface.co/datasets/rodriguescarson/eligible-scroll-atlas-renders/resolve/main/PHerc0211/z12112_w040/surface-volumes.tar,https://huggingface.co/datasets/rodriguescarson/eligible-scroll-atlas-renders/resolve/main/PHerc0211/z12112_w040/ink-detection
PHerc0211,z12112_w060,5.60,,11.80,True,False,4919303,0.00475578905802894,0.002475842923873122,False,False,0.011639453800670543,0.013477112509638052,174,False,https://huggingface.co/datasets/rodriguescarson/eligible-scroll-atlas-renders/resolve/main/PHerc0211/z12112_w060/surface-volumes.tar,https://huggingface.co/datasets/rodriguescarson/eligible-scroll-atlas-renders/resolve/main/PHerc0211/z12112_w060/ink-detection
PHerc0211,z12112_w080,7.28,,7.90,True,False,6405931,0.0018586294735834009,0.0008988696293204711,False,False,0.007773109014130811,0.008260469867689801,242,False,https://huggingface.co/datasets/rodriguescarson/eligible-scroll-atlas-renders/resolve/main/PHerc0211/z12112_w080/surface-volumes.tar,https://huggingface.co/datasets/rodriguescarson/eligible-scroll-atlas-renders/resolve/main/PHerc0211/z12112_w080/ink-detection
PHerc0211,z12112_w100,9.31,,19.10,True,False,6368660,0.0009633958582740289,0.0020000080196356323,False,False,0.004872610564859798,0.006629966115320962,289,False,https://huggingface.co/datasets/rodriguescarson/eligible-scroll-atlas-renders/resolve/main/PHerc0211/z12112_w100/surface-volumes.tar,https://huggingface.co/datasets/rodriguescarson/eligible-scroll-atlas-renders/resolve/main/PHerc0211/z12112_w100/ink-detection
PHerc0211,z12720_w020,2.19,reprova,17.50,True,True,1882216,0.0027321251715111666,0.0014599793885262796,False,False,0.005979653769811754,0.008971340164997003,272,False,https://huggingface.co/datasets/rodriguescarson/eligible-scroll-atlas-renders/resolve/main/PHerc0211/z12720_w020/surface-volumes.tar,https://huggingface.co/datasets/rodriguescarson/eligible-scroll-atlas-renders/resolve/main/PHerc0211/z12720_w020/ink-detection
PHerc0211,z12720_w040,4.07,,31.70,False,False,3587567,0.004459005323161821,0.0025178186115463546,False,False,0.011096935611237365,0.022400696628104785,182,False,https://huggingface.co/datasets/rodriguescarson/eligible-scroll-atlas-renders/resolve/main/PHerc0211/z12720_w040/surface-volumes.tar,https://huggingface.co/datasets/rodriguescarson/eligible-scroll-atlas-renders/resolve/main/PHerc0211/z12720_w040/ink-detection
PHerc0211,z12720_w060,6.03,,7.10,True,False,5349639,0.0037342651156619046,0.004014153655623866,False,False,0.010771381022158692,0.015228878060743911,191,False,https://huggingface.co/datasets/rodriguescarson/eligible-scroll-atlas-renders/resolve/main/PHerc0211/z12720_w060/surface-volumes.tar,https://huggingface.co/datasets/rodriguescarson/eligible-scroll-atlas-renders/resolve/main/PHerc0211/z12720_w060/ink-detection
PHerc0211,z12720_w080,8.09,,21.20,True,False,7207186,0.0017107025607353908,0.003368877216021011,False,False,0.008244965510811015,0.02194448707165321,229,False,https://huggingface.co/datasets/rodriguescarson/eligible-scroll-atlas-renders/resolve/main/PHerc0211/z12720_w080/surface-volumes.tar,https://huggingface.co/datasets/rodriguescarson/eligible-scroll-atlas-renders/resolve/main/PHerc0211/z12720_w080/ink-detection
PHerc0211,z12720_w100,10.53,,24.40,True,False,7114461,0.0014011346636485244,0.001797049661656311,False,False,0.010650139202393548,0.006572809943016063,194,False,https://huggingface.co/datasets/rodriguescarson/eligible-scroll-atlas-renders/resolve/main/PHerc0211/z12720_w100/surface-volumes.tar,https://huggingface.co/datasets/rodriguescarson/eligible-scroll-atlas-renders/resolve/main/PHerc0211/z12720_w100/ink-detection
PHerc0211,z13312_w020,1.84,reprova,5.80,True,True,1557081,0.0037539251376378503,0.0003503177752574866,False,False,0.00818004972124122,0.013726325091629786,233,False,https://huggingface.co/datasets/rodriguescarson/eligible-scroll-atlas-renders/resolve/main/PHerc0211/z13312_w020/surface-volumes.tar,https://huggingface.co/datasets/rodriguescarson/eligible-scroll-atlas-renders/resolve/main/PHerc0211/z13312_w020/ink-detection
PHerc0211,z13312_w040,3.80,,3.80,True,False,3301075,0.0023749939084344533,0.001971660603767311,False,False,0.02417242867853654,0.018241936338919896,52,False,https://huggingface.co/datasets/rodriguescarson/eligible-scroll-atlas-renders/resolve/main/PHerc0211/z13312_w040/surface-volumes.tar,https://huggingface.co/datasets/rodriguescarson/eligible-scroll-atlas-renders/resolve/main/PHerc0211/z13312_w040/ink-detection
PHerc0211,z13312_w060,5.90,,29.30,True,False,5224503,0.002751159756451145,0.0002585894462162946,False,False,0.007254469946710721,0.005087182455441216,246,False,https://huggingface.co/datasets/rodriguescarson/eligible-scroll-atlas-renders/resolve/main/PHerc0211/z13312_w060/surface-volumes.tar,https://huggingface.co/datasets/rodriguescarson/eligible-scroll-atlas-renders/resolve/main/PHerc0211/z13312_w060/ink-detection
PHerc0211,z13312_w080,7.89,,21.30,True,False,7021286,0.0023563788760578423,0.0011004525326184865,False,False,0.005480192659863165,0.00627548856434562,282,False,https://huggingface.co/datasets/rodriguescarson/eligible-scroll-atlas-renders/resolve/main/PHerc0211/z13312_w080/surface-volumes.tar,https://huggingface.co/datasets/rodriguescarson/eligible-scroll-atlas-renders/resolve/main/PHerc0211/z13312_w080/ink-detection
PHerc0211,z13312_w100,9.79,,16.20,True,False,8731281,0.0007775026095676846,0.0022649507679275076,False,False,0.008388116245485628,0.019241277425385804,225,False,https://huggingface.co/datasets/rodriguescarson/eligible-scroll-atlas-renders/resolve/main/PHerc0211/z13312_w100/surface-volumes.tar,https://huggingface.co/datasets/rodriguescarson/eligible-scroll-atlas-renders/resolve/main/PHerc0211/z13312_w100/ink-detection
PHerc0211,z13920_w020,1.64,aprova,8.30,True,False,1386577,0.00017321921778565828,0.0013271047157909094,False,False,0.011182934665727182,0.016030844302191656,179,False,https://huggingface.co/datasets/rodriguescarson/eligible-scroll-atlas-renders/resolve/main/PHerc0211/z13920_w020/surface-volumes.tar,https://huggingface.co/datasets/rodriguescarson/eligible-scroll-atlas-renders/resolve/main/PHerc0211/z13920_w020/ink-detection
PHerc0211,z13920_w040,3.75,,37.60,False,False,3263801,0.0018137553256238588,0.0002283859374547141,False,False,0.015839200980697046,0.013769528227977135,128,False,https://huggingface.co/datasets/rodriguescarson/eligible-scroll-atlas-renders/resolve/main/PHerc0211/z13920_w040/surface-volumes.tar,https://huggingface.co/datasets/rodriguescarson/eligible-scroll-atlas-renders/resolve/main/PHerc0211/z13920_w040/ink-detection
PHerc0211,z13920_w060,5.92,,7.70,True,False,5232421,0.003533390604512366,0.0003964371298096487,False,False,0.0068524684844740134,0.005072604058427256,253,False,https://huggingface.co/datasets/rodriguescarson/eligible-scroll-atlas-renders/resolve/main/PHerc0211/z13920_w060/surface-volumes.tar,https://huggingface.co/datasets/rodriguescarson/eligible-scroll-atlas-renders/resolve/main/PHerc0211/z13920_w060/ink-detection
PHerc0211,z13920_w080,8.00,reprova,6.40,True,True,7122181,0.0021198056257964388,0.006342674226549327,False,False,0.006471191900346256,0.02366339749017892,263,False,https://huggingface.co/datasets/rodriguescarson/eligible-scroll-atlas-renders/resolve/main/PHerc0211/z13920_w080/surface-volumes.tar,https://huggingface.co/datasets/rodriguescarson/eligible-scroll-atlas-renders/resolve/main/PHerc0211/z13920_w080/ink-detection
PHerc0211,z13920_w100,9.65,,21.40,True,False,8351484,0.0023667595623194744,0.0010054534972657716,False,False,0.008056292749887325,0.006401377288156213,235,False,https://huggingface.co/datasets/rodriguescarson/eligible-scroll-atlas-renders/resolve/main/PHerc0211/z13920_w100/surface-volumes.tar,https://huggingface.co/datasets/rodriguescarson/eligible-scroll-atlas-renders/resolve/main/PHerc0211/z13920_w100/ink-detection
PHerc0211,z14512_w020,1.70,parcial,3.90,True,False,1453282,0.0001236839055992355,0.0007089040694608814,False,False,0.02010139807690455,0.014701207336222426,80,False,https://huggingface.co/datasets/rodriguescarson/eligible-scroll-atlas-renders/resolve/main/PHerc0211/z14512_w020/surface-volumes.tar,https://huggingface.co/datasets/rodriguescarson/eligible-scroll-atlas-renders/resolve/main/PHerc0211/z14512_w020/ink-detection
PHerc0211,z14512_w040,3.69,,28.30,True,False,3252064,0.0043089645792748175,0.006679448201017477,False,False,0.01647692050340953,0.01824349090300806,115,False,https://huggingface.co/datasets/rodriguescarson/eligible-scroll-atlas-renders/resolve/main/PHerc0211/z14512_w040/surface-volumes.tar,https://huggingface.co/datasets/rodriguescarson/eligible-scroll-atlas-renders/resolve/main/PHerc0211/z14512_w040/ink-detection
PHerc0211,z14512_w060,5.93,,13.10,True,False,5290218,0.0030073174477756055,0.003160189418037532,False,False,0.006072150523853648,0.011183471078129484,271,False,https://huggingface.co/datasets/rodriguescarson/eligible-scroll-atlas-renders/resolve/main/PHerc0211/z14512_w060/surface-volumes.tar,https://huggingface.co/datasets/rodriguescarson/eligible-scroll-atlas-renders/resolve/main/PHerc0211/z14512_w060/ink-detection
PHerc0211,z14512_w080,7.75,parcial,16.60,True,False,6912307,0.002975809039952766,0.006624471603226192,False,False,0.006503038710520236,0.02234217895703996,262,False,https://huggingface.co/datasets/rodriguescarson/eligible-scroll-atlas-renders/resolve/main/PHerc0211/z14512_w080/surface-volumes.tar,https://huggingface.co/datasets/rodriguescarson/eligible-scroll-atlas-renders/resolve/main/PHerc0211/z14512_w080/ink-detection
PHerc0211,z14512_w100,9.36,parcial,22.00,True,False,7624910,0.002559359119991589,0.002290364493305112,False,False,0.0098932315266672,0.014086723646574189,207,False,https://huggingface.co/datasets/rodriguescarson/eligible-scroll-atlas-renders/resolve/main/PHerc0211/z14512_w100/surface-volumes.tar,https://huggingface.co/datasets/rodriguescarson/eligible-scroll-atlas-renders/resolve/main/PHerc0211/z14512_w100/ink-detection
PHerc0257,z3744_w020,1.86,,7.40,True,False,1582679,0.006076211568992148,0.0019537292875428406,False,False,0.014331396322311726,0.009664625612647922,152,False,https://huggingface.co/datasets/rodriguescarson/eligible-scroll-atlas-renders/resolve/main/PHerc0257/z3744_w020/surface-volumes.tar,https://huggingface.co/datasets/rodriguescarson/eligible-scroll-atlas-renders/resolve/main/PHerc0257/z3744_w020/ink-detection
PHerc0257,z3744_w040,3.63,,8.50,True,False,3137322,0.0012283212601159415,0.0012714255399187831,False,False,0.019845588052485527,0.008216880511468062,82,False,https://huggingface.co/datasets/rodriguescarson/eligible-scroll-atlas-renders/resolve/main/PHerc0257/z3744_w040/surface-volumes.tar,https://huggingface.co/datasets/rodriguescarson/eligible-scroll-atlas-renders/resolve/main/PHerc0257/z3744_w040/ink-detection
PHerc0257,z3744_w060,5.58,,11.40,True,False,4888677,0.0011407585783303473,0.0018480482481857197,False,False,0.010352494141052887,0.0028007577510234362,202,False,https://huggingface.co/datasets/rodriguescarson/eligible-scroll-atlas-renders/resolve/main/PHerc0257/z3744_w060/surface-volumes.tar,https://huggingface.co/datasets/rodriguescarson/eligible-scroll-atlas-renders/resolve/main/PHerc0257/z3744_w060/ink-detection
PHerc0257,z4352_w020,1.83,,5.40,True,False,1528694,0.0017617888400258642,0.0008852216206726448,False,False,0.013188381716681036,0.006075774484625439,163,False,https://huggingface.co/datasets/rodriguescarson/eligible-scroll-atlas-renders/resolve/main/PHerc0257/z4352_w020/surface-volumes.tar,https://huggingface.co/datasets/rodriguescarson/eligible-scroll-atlas-renders/resolve/main/PHerc0257/z4352_w020/ink-detection
PHerc0257,z4352_w040,3.79,,6.70,True,False,3272177,0.0008839741302382769,0.0003371651409413905,False,False,0.020285883068061415,0.003187480383854541,76,False,https://huggingface.co/datasets/rodriguescarson/eligible-scroll-atlas-renders/resolve/main/PHerc0257/z4352_w040/surface-volumes.tar,https://huggingface.co/datasets/rodriguescarson/eligible-scroll-atlas-renders/resolve/main/PHerc0257/z4352_w040/ink-detection
PHerc0257,z4352_w060,5.98,,22.00,True,False,5226222,0.0027563397807317033,0.0013665779764503025,False,False,0.010720746267571489,0.00708446751783602,193,False,https://huggingface.co/datasets/rodriguescarson/eligible-scroll-atlas-renders/resolve/main/PHerc0257/z4352_w060/surface-volumes.tar,https://huggingface.co/datasets/rodriguescarson/eligible-scroll-atlas-renders/resolve/main/PHerc0257/z4352_w060/ink-detection
PHerc0268,z3872_w020,1.68,,28.70,True,False,1380173,7.20180250828493e-05,1.1431432552833224e-06,False,False,0.0025011357271878237,0.0010266828868554885,317,False,https://huggingface.co/datasets/rodriguescarson/eligible-scroll-atlas-renders/resolve/main/PHerc0268/z3872_w020/surface-volumes.tar,https://huggingface.co/datasets/rodriguescarson/eligible-scroll-atlas-renders/resolve/main/PHerc0268/z3872_w020/ink-detection
PHerc0268,z3872_w040,3.37,,14.20,True,False,2874036,2.203947821535325e-06,0.00013857321927903356,False,False,0.0043416296803519515,0.006571246845898938,298,False,https://huggingface.co/datasets/rodriguescarson/eligible-scroll-atlas-renders/resolve/main/PHerc0268/z3872_w040/surface-volumes.tar,https://huggingface.co/datasets/rodriguescarson/eligible-scroll-atlas-renders/resolve/main/PHerc0268/z3872_w040/ink-detection
PHerc0268,z3872_w060,4.91,,29.90,True,False,4208116,7.152631509600526e-05,0.0001791922420299921,False,False,0.0005743662959861373,0.00018987119176372514,334,False,https://huggingface.co/datasets/rodriguescarson/eligible-scroll-atlas-renders/resolve/main/PHerc0268/z3872_w060/surface-volumes.tar,https://huggingface.co/datasets/rodriguescarson/eligible-scroll-atlas-renders/resolve/main/PHerc0268/z3872_w060/ink-detection
PHerc0268,z12272_w020,1.53,,21.60,True,False,565265,0.0035206359011925883,1.3667064833822159e-06,False,False,0.0009393824135582426,0.007308076742766667,332,False,https://huggingface.co/datasets/rodriguescarson/eligible-scroll-atlas-renders/resolve/main/PHerc0268/z12272_w020/surface-volumes.tar,https://huggingface.co/datasets/rodriguescarson/eligible-scroll-atlas-renders/resolve/main/PHerc0268/z12272_w020/ink-detection
PHerc0268,z12272_w040,3.23,,11.50,True,False,1338598,0.0007163111199300331,5.935315534757382e-05,False,False,0.004495001486630041,0.003870467459237202,295,False,https://huggingface.co/datasets/rodriguescarson/eligible-scroll-atlas-renders/resolve/main/PHerc0268/z12272_w040/surface-volumes.tar,https://huggingface.co/datasets/rodriguescarson/eligible-scroll-atlas-renders/resolve/main/PHerc0268/z12272_w040/ink-detection
PHerc0268,z12272_w060,4.85,,16.20,True,False,2025614,0.0013098147780113828,0.0013694750784591062,False,False,0.0013151567870285257,0.0023271956058755518,329,False,https://huggingface.co/datasets/rodriguescarson/eligible-scroll-atlas-renders/resolve/main/PHerc0268/z12272_w060/surface-volumes.tar,https://huggingface.co/datasets/rodriguescarson/eligible-scroll-atlas-renders/resolve/main/PHerc0268/z12272_w060/ink-detection
PHerc0358,z11280_w020,1.65,,4.20,True,False,1342839,0.026404412157921255,0.00426129567030969,True,True,0.08773873859785127,0.04388314608080343,6,True,https://huggingface.co/datasets/rodriguescarson/eligible-scroll-atlas-renders/resolve/main/PHerc0358/z11280_w020/surface-volumes.tar,https://huggingface.co/datasets/rodriguescarson/eligible-scroll-atlas-renders/resolve/main/PHerc0358/z11280_w020/ink-detection
PHerc0358,z11280_w040,3.71,,13.00,True,False,3198510,0.0017610602452408774,0.0018154924785894952,False,False,0.016713719825793887,0.01778578150451304,109,False,https://huggingface.co/datasets/rodriguescarson/eligible-scroll-atlas-renders/resolve/main/PHerc0358/z11280_w040/surface-volumes.tar,https://huggingface.co/datasets/rodriguescarson/eligible-scroll-atlas-renders/resolve/main/PHerc0358/z11280_w040/ink-detection
PHerc0358,z11280_w060,5.72,,5.00,True,False,5009467,0.0017887432303660313,0.00037070343762758863,False,False,0.02495395218692927,0.012044794386308963,48,False,https://huggingface.co/datasets/rodriguescarson/eligible-scroll-atlas-renders/resolve/main/PHerc0358/z11280_w060/surface-volumes.tar,https://huggingface.co/datasets/rodriguescarson/eligible-scroll-atlas-renders/resolve/main/PHerc0358/z11280_w060/ink-detection
PHerc0800,z5664_w020,1.74,aprova,5.70,True,False,1453376,0.007509111098301981,0.007468871093864704,False,False,0.032118323131797966,0.07772936941300806,31,False,https://huggingface.co/datasets/rodriguescarson/eligible-scroll-atlas-renders/resolve/main/PHerc0800/z5664_w020/surface-volumes.tar,https://huggingface.co/datasets/rodriguescarson/eligible-scroll-atlas-renders/resolve/main/PHerc0800/z5664_w020/ink-detection
PHerc0800,z5664_w040,3.74,,4.60,True,False,3250300,0.0014286397495158973,0.0002710877475170217,False,False,0.011181121742608375,0.005645017383010799,180,False,https://huggingface.co/datasets/rodriguescarson/eligible-scroll-atlas-renders/resolve/main/PHerc0800/z5664_w040/surface-volumes.tar,https://huggingface.co/datasets/rodriguescarson/eligible-scroll-atlas-renders/resolve/main/PHerc0800/z5664_w040/ink-detection
PHerc0800,z5664_w060,5.49,,12.90,True,False,4814698,0.0006218952637366804,0.0016805351069109182,False,False,0.014492290066791313,0.0208573829552757,150,False,https://huggingface.co/datasets/rodriguescarson/eligible-scroll-atlas-renders/resolve/main/PHerc0800/z5664_w060/surface-volumes.tar,https://huggingface.co/datasets/rodriguescarson/eligible-scroll-atlas-renders/resolve/main/PHerc0800/z5664_w060/ink-detection
PHerc0800,z5664_w080,6.98,,10.90,True,False,6140612,0.00046732416184881405,0.0017213666968819625,False,False,0.02017958470588925,0.024642983468097318,77,False,https://huggingface.co/datasets/rodriguescarson/eligible-scroll-atlas-renders/resolve/main/PHerc0800/z5664_w080/surface-volumes.tar,https://huggingface.co/datasets/rodriguescarson/eligible-scroll-atlas-renders/resolve/main/PHerc0800/z5664_w080/ink-detection
PHerc0800,z5664_w100,8.48,,20.90,True,False,7453704,0.0022230283670433702,0.00019842381409552505,False,False,0.023446195341269252,0.022264098493849502,56,False,https://huggingface.co/datasets/rodriguescarson/eligible-scroll-atlas-renders/resolve/main/PHerc0800/z5664_w100/surface-volumes.tar,https://huggingface.co/datasets/rodriguescarson/eligible-scroll-atlas-renders/resolve/main/PHerc0800/z5664_w100/ink-detection
PHerc0800,z6272_w020,1.85,parcial,11.10,True,False,1561558,0.0003794057159066733,0.0013914919914494413,False,False,0.014576467860944006,0.019086066607836533,147,False,https://huggingface.co/datasets/rodriguescarson/eligible-scroll-atlas-renders/resolve/main/PHerc0800/z6272_w020/surface-volumes.tar,https://huggingface.co/datasets/rodriguescarson/eligible-scroll-atlas-renders/resolve/main/PHerc0800/z6272_w020/ink-detection
PHerc0800,z6272_w040,3.73,,4.00,True,False,3238825,0.0018727545680076606,0.0019577350616782055,False,False,0.011018193326283452,0.014203299035915802,184,False,https://huggingface.co/datasets/rodriguescarson/eligible-scroll-atlas-renders/resolve/main/PHerc0800/z6272_w040/surface-volumes.tar,https://huggingface.co/datasets/rodriguescarson/eligible-scroll-atlas-renders/resolve/main/PHerc0800/z6272_w040/ink-detection
PHerc0800,z6272_w060,5.48,,6.10,True,False,4808245,0.00023590925104343208,0.0010275011745936467,False,False,0.012579017916100365,0.0150768107698339,166,False,https://huggingface.co/datasets/rodriguescarson/eligible-scroll-atlas-renders/resolve/main/PHerc0800/z6272_w060/surface-volumes.tar,https://huggingface.co/datasets/rodriguescarson/eligible-scroll-atlas-renders/resolve/main/PHerc0800/z6272_w060/ink-detection
PHerc0800,z6272_w080,7.06,,10.10,True,False,6216961,0.0013820675301108335,7.484442959476467e-05,False,False,0.019820938236543545,0.020081033160735607,84,False,https://huggingface.co/datasets/rodriguescarson/eligible-scroll-atlas-renders/resolve/main/PHerc0800/z6272_w080/surface-volumes.tar,https://huggingface.co/datasets/rodriguescarson/eligible-scroll-atlas-renders/resolve/main/PHerc0800/z6272_w080/ink-detection
PHerc0800,z6272_w100,8.46,,11.60,True,False,7409830,0.0018289631855425692,0.00018528467008190226,False,False,0.02702869026684823,0.026412616753690707,42,False,https://huggingface.co/datasets/rodriguescarson/eligible-scroll-atlas-renders/resolve/main/PHerc0800/z6272_w100/surface-volumes.tar,https://huggingface.co/datasets/rodriguescarson/eligible-scroll-atlas-renders/resolve/main/PHerc0800/z6272_w100/ink-detection
PHerc0800,z6864_w020,1.78,parcial,7.50,True,False,1500358,0.0018969749628829802,9.911931434741531e-05,False,False,0.014676497209332706,0.023840976620246635,144,False,https://huggingface.co/datasets/rodriguescarson/eligible-scroll-atlas-renders/resolve/main/PHerc0800/z6864_w020/surface-volumes.tar,https://huggingface.co/datasets/rodriguescarson/eligible-scroll-atlas-renders/resolve/main/PHerc0800/z6864_w020/ink-detection
PHerc0800,z6864_w040,3.71,,13.60,True,False,3261945,5.819134482876162e-05,0.0013150270017579142,False,False,0.003629736246319297,0.008432085764781442,304,False,https://huggingface.co/datasets/rodriguescarson/eligible-scroll-atlas-renders/resolve/main/PHerc0800/z6864_w040/surface-volumes.tar,https://huggingface.co/datasets/rodriguescarson/eligible-scroll-atlas-renders/resolve/main/PHerc0800/z6864_w040/ink-detection
PHerc0800,z6864_w060,5.38,reprova,3.40,True,True,4750562,7.323973807596868e-05,0.0008997786086456334,False,False,0.003949216955804387,0.005181281709406171,301,False,https://huggingface.co/datasets/rodriguescarson/eligible-scroll-atlas-renders/resolve/main/PHerc0800/z6864_w060/surface-volumes.tar,https://huggingface.co/datasets/rodriguescarson/eligible-scroll-atlas-renders/resolve/main/PHerc0800/z6864_w060/ink-detection
PHerc0800,z6864_w080,6.85,,6.30,True,False,6029176,0.0007099732341012616,0.00020452391626029666,False,False,0.006426085421954841,0.007482780399842366,264,False,https://huggingface.co/datasets/rodriguescarson/eligible-scroll-atlas-renders/resolve/main/PHerc0800/z6864_w080/surface-volumes.tar,https://huggingface.co/datasets/rodriguescarson/eligible-scroll-atlas-renders/resolve/main/PHerc0800/z6864_w080/ink-detection
PHerc0800,z6864_w100,8.53,,1.50,True,False,7534650,0.0009389953477192439,0.0004644901203605017,False,False,0.010866065444313936,0.010168090090448794,188,False,https://huggingface.co/datasets/rodriguescarson/eligible-scroll-atlas-renders/resolve/main/PHerc0800/z6864_w100/surface-volumes.tar,https://huggingface.co/datasets/rodriguescarson/eligible-scroll-atlas-renders/resolve/main/PHerc0800/z6864_w100/ink-detection
PHerc0800,z7472_w020,1.66,reprova,13.90,True,True,1381638,0.0005238848002489025,0.0014075114556905556,False,False,0.0025093403626709745,0.006050065212450729,316,False,https://huggingface.co/datasets/rodriguescarson/eligible-scroll-atlas-renders/resolve/main/PHerc0800/z7472_w020/surface-volumes.tar,https://huggingface.co/datasets/rodriguescarson/eligible-scroll-atlas-renders/resolve/main/PHerc0800/z7472_w020/ink-detection
PHerc0800,z7472_w040,3.37,,9.50,True,False,2907255,0.0006565171872273599,0.0005098368522072936,False,False,0.003337856500375784,0.007767120531222751,308,False,https://huggingface.co/datasets/rodriguescarson/eligible-scroll-atlas-renders/resolve/main/PHerc0800/z7472_w040/surface-volumes.tar,https://huggingface.co/datasets/rodriguescarson/eligible-scroll-atlas-renders/resolve/main/PHerc0800/z7472_w040/ink-detection
PHerc0800,z7472_w060,5.27,,28.60,True,False,4659608,0.0008422542953264093,0.0010748119590562114,False,False,0.009361946326815475,0.021446224660958604,214,False,https://huggingface.co/datasets/rodriguescarson/eligible-scroll-atlas-renders/resolve/main/PHerc0800/z7472_w060/surface-volumes.tar,https://huggingface.co/datasets/rodriguescarson/eligible-scroll-atlas-renders/resolve/main/PHerc0800/z7472_w060/ink-detection
PHerc0800,z7472_w080,6.83,,17.20,True,False,6040992,2.367285378619678e-06,4.445235877630284e-05,False,False,0.007816431473506339,0.008753529221690742,240,False,https://huggingface.co/datasets/rodriguescarson/eligible-scroll-atlas-renders/resolve/main/PHerc0800/z7472_w080/surface-volumes.tar,https://huggingface.co/datasets/rodriguescarson/eligible-scroll-atlas-renders/resolve/main/PHerc0800/z7472_w080/ink-detection
PHerc0800,z7472_w100,8.36,,7.90,True,False,7393009,0.000881655694593178,0.0003629778106442115,False,False,0.010859313170050245,0.0068897521969741955,189,False,https://huggingface.co/datasets/rodriguescarson/eligible-scroll-atlas-renders/resolve/main/PHerc0800/z7472_w100/surface-volumes.tar,https://huggingface.co/datasets/rodriguescarson/eligible-scroll-atlas-renders/resolve/main/PHerc0800/z7472_w100/ink-detection
PHerc0800,z8064_w020,1.69,reprova,11.60,True,True,1426810,0.0011773774928458929,0.00036491492712793094,False,False,0.004383905355303089,0.004859792123688508,297,False,https://huggingface.co/datasets/rodriguescarson/eligible-scroll-atlas-renders/resolve/main/PHerc0800/z8064_w020/surface-volumes.tar,https://huggingface.co/datasets/rodriguescarson/eligible-scroll-atlas-renders/resolve/main/PHerc0800/z8064_w020/ink-detection
PHerc0800,z8064_w040,3.37,,11.50,True,False,2931555,0.0011123485571667608,8.65851467510006e-06,False,False,0.0035240682845793445,0.0030935800283467306,306,False,https://huggingface.co/datasets/rodriguescarson/eligible-scroll-atlas-renders/resolve/main/PHerc0800/z8064_w040/surface-volumes.tar,https://huggingface.co/datasets/rodriguescarson/eligible-scroll-atlas-renders/resolve/main/PHerc0800/z8064_w040/ink-detection
PHerc0800,z8064_w060,5.13,,8.40,True,False,4503901,0.0004822960677358033,0.00033157854656836475,False,False,0.00779679659921477,0.008916714643594519,241,False,https://huggingface.co/datasets/rodriguescarson/eligible-scroll-atlas-renders/resolve/main/PHerc0800/z8064_w060/surface-volumes.tar,https://huggingface.co/datasets/rodriguescarson/eligible-scroll-atlas-renders/resolve/main/PHerc0800/z8064_w060/ink-detection
PHerc0800,z8064_w080,6.72,,10.80,True,False,5931137,0.0003998589111357091,0.0024638325874031856,False,False,0.015091035664831212,0.02192699308749739,137,False,https://huggingface.co/datasets/rodriguescarson/eligible-scroll-atlas-renders/resolve/main/PHerc0800/z8064_w080/surface-volumes.tar,https://huggingface.co/datasets/rodriguescarson/eligible-scroll-atlas-renders/resolve/main/PHerc0800/z8064_w080/ink-detection
PHerc0800,z8064_w100,8.16,,26.60,True,False,7183102,0.0012781781180946823,0.0005672930988551336,False,False,0.01963678087823339,0.014907069397037658,85,False,https://huggingface.co/datasets/rodriguescarson/eligible-scroll-atlas-renders/resolve/main/PHerc0800/z8064_w100/surface-volumes.tar,https://huggingface.co/datasets/rodriguescarson/eligible-scroll-atlas-renders/resolve/main/PHerc0800/z8064_w100/ink-detection
PHerc0800,z8672_w020,2.04,aprova,6.50,True,False,1720885,0.0005419732792003619,0.0003351132489712161,False,False,0.007049279876342696,0.003293073040906278,249,False,https://huggingface.co/datasets/rodriguescarson/eligible-scroll-atlas-renders/resolve/main/PHerc0800/z8672_w020/surface-volumes.tar,https://huggingface.co/datasets/rodriguescarson/eligible-scroll-atlas-renders/resolve/main/PHerc0800/z8672_w020/ink-detection
PHerc0800,z8672_w040,3.85,aprova,11.60,True,False,3351701,0.003526153846153846,0.0018191715976331362,False,False,0.017437414614251093,0.030482432651361205,101,False,https://huggingface.co/datasets/rodriguescarson/eligible-scroll-atlas-renders/resolve/main/PHerc0800/z8672_w040/surface-volumes.tar,https://huggingface.co/datasets/rodriguescarson/eligible-scroll-atlas-renders/resolve/main/PHerc0800/z8672_w040/ink-detection
PHerc0800,z8672_w060,5.43,,5.30,True,False,4750356,0.0011634550806766885,0.00012262722992772678,False,False,0.005569266808634974,0.008422947669606235,280,False,https://huggingface.co/datasets/rodriguescarson/eligible-scroll-atlas-renders/resolve/main/PHerc0800/z8672_w060/surface-volumes.tar,https://huggingface.co/datasets/rodriguescarson/eligible-scroll-atlas-renders/resolve/main/PHerc0800/z8672_w060/ink-detection
PHerc0800,z8672_w080,6.93,,4.60,True,False,6066850,0.0015922250550536043,0.0005460888527765381,False,False,0.016542522066640843,0.018317248654573626,113,False,https://huggingface.co/datasets/rodriguescarson/eligible-scroll-atlas-renders/resolve/main/PHerc0800/z8672_w080/surface-volumes.tar,https://huggingface.co/datasets/rodriguescarson/eligible-scroll-atlas-renders/resolve/main/PHerc0800/z8672_w080/ink-detection
PHerc0800,z8672_w100,8.04,,4.60,True,False,6969387,0.0006125202552543091,0.0015150918848630263,False,False,0.01594114374764954,0.016223665008127688,126,False,https://huggingface.co/datasets/rodriguescarson/eligible-scroll-atlas-renders/resolve/main/PHerc0800/z8672_w100/surface-volumes.tar,https://huggingface.co/datasets/rodriguescarson/eligible-scroll-atlas-renders/resolve/main/PHerc0800/z8672_w100/ink-detection
PHerc0800,z9264_w020,1.96,aprova,2.70,True,False,1639552,0.00394578829987991,5.975546521557266e-05,False,False,0.015135232063392927,0.014910780505894294,136,False,https://huggingface.co/datasets/rodriguescarson/eligible-scroll-atlas-renders/resolve/main/PHerc0800/z9264_w020/surface-volumes.tar,https://huggingface.co/datasets/rodriguescarson/eligible-scroll-atlas-renders/resolve/main/PHerc0800/z9264_w020/ink-detection
PHerc0800,z9264_w040,3.79,,4.00,True,False,3228429,0.0009164257923111435,0.010426611161369883,False,False,0.010604848364328285,0.03607884825715542,196,False,https://huggingface.co/datasets/rodriguescarson/eligible-scroll-atlas-renders/resolve/main/PHerc0800/z9264_w040/surface-volumes.tar,https://huggingface.co/datasets/rodriguescarson/eligible-scroll-atlas-renders/resolve/main/PHerc0800/z9264_w040/ink-detection
PHerc0800,z9264_w060,5.40,,5.20,True,False,4646776,0.0011137319242314518,0.00377881246479632,False,False,0.04044072707614914,0.04226952192229623,21,False,https://huggingface.co/datasets/rodriguescarson/eligible-scroll-atlas-renders/resolve/main/PHerc0800/z9264_w060/surface-volumes.tar,https://huggingface.co/datasets/rodriguescarson/eligible-scroll-atlas-renders/resolve/main/PHerc0800/z9264_w060/ink-detection
PHerc0800,z9264_w080,7.05,,3.70,True,False,6097918,0.002004492725444672,0.0007244402808551254,False,False,0.017186029723587626,0.020100139096655614,105,False,https://huggingface.co/datasets/rodriguescarson/eligible-scroll-atlas-renders/resolve/main/PHerc0800/z9264_w080/surface-volumes.tar,https://huggingface.co/datasets/rodriguescarson/eligible-scroll-atlas-renders/resolve/main/PHerc0800/z9264_w080/ink-detection
PHerc0800,z9264_w100,8.55,,3.30,True,False,7414888,0.0007677077386565061,0.0003508726915848284,False,False,0.022476401531621247,0.036960369462087625,58,False,https://huggingface.co/datasets/rodriguescarson/eligible-scroll-atlas-renders/resolve/main/PHerc0800/z9264_w100/surface-volumes.tar,https://huggingface.co/datasets/rodriguescarson/eligible-scroll-atlas-renders/resolve/main/PHerc0800/z9264_w100/ink-detection
PHerc0800,z9872_w020,1.88,aprova,4.80,True,False,1548948,0.017390639884666916,0.0,False,False,0.05192040016837234,0.005151238130653837,11,False,https://huggingface.co/datasets/rodriguescarson/eligible-scroll-atlas-renders/resolve/main/PHerc0800/z9872_w020/surface-volumes.tar,https://huggingface.co/datasets/rodriguescarson/eligible-scroll-atlas-renders/resolve/main/PHerc0800/z9872_w020/ink-detection
PHerc0800,z9872_w040,3.73,,4.50,True,False,3143659,0.0011815319936435138,0.005785961418542433,False,False,0.008574721367680145,0.03151105129404939,223,False,https://huggingface.co/datasets/rodriguescarson/eligible-scroll-atlas-renders/resolve/main/PHerc0800/z9872_w040/surface-volumes.tar,https://huggingface.co/datasets/rodriguescarson/eligible-scroll-atlas-renders/resolve/main/PHerc0800/z9872_w040/ink-detection
PHerc0800,z9872_w060,5.41,,5.60,True,False,4609947,0.0016709319629459895,0.0019956780619592215,False,False,0.029882339211275095,0.048617044838042606,36,False,https://huggingface.co/datasets/rodriguescarson/eligible-scroll-atlas-renders/resolve/main/PHerc0800/z9872_w060/surface-volumes.tar,https://huggingface.co/datasets/rodriguescarson/eligible-scroll-atlas-renders/resolve/main/PHerc0800/z9872_w060/ink-detection
PHerc0800,z9872_w080,7.12,,7.60,True,False,6093157,0.0007277263883904709,0.00033950170556406006,False,False,0.006563592567859321,0.013400114259324025,261,False,https://huggingface.co/datasets/rodriguescarson/eligible-scroll-atlas-renders/resolve/main/PHerc0800/z9872_w080/surface-volumes.tar,https://huggingface.co/datasets/rodriguescarson/eligible-scroll-atlas-renders/resolve/main/PHerc0800/z9872_w080/ink-detection
PHerc0800,z9872_w100,8.69,,6.50,True,False,7453938,0.00108077560043384,0.0020793298213968923,False,False,0.012145928769463873,0.021271306522807138,172,False,https://huggingface.co/datasets/rodriguescarson/eligible-scroll-atlas-renders/resolve/main/PHerc0800/z9872_w100/surface-volumes.tar,https://huggingface.co/datasets/rodriguescarson/eligible-scroll-atlas-renders/resolve/main/PHerc0800/z9872_w100/ink-detection
PHerc0800,z10464_w020,1.93,,4.30,True,False,1590519,0.0004939202189911333,0.0,False,False,0.019160412418839385,0.003579963521341147,90,False,https://huggingface.co/datasets/rodriguescarson/eligible-scroll-atlas-renders/resolve/main/PHerc0800/z10464_w020/surface-volumes.tar,https://huggingface.co/datasets/rodriguescarson/eligible-scroll-atlas-renders/resolve/main/PHerc0800/z10464_w020/ink-detection
PHerc0800,z10464_w040,3.89,,9.00,True,False,3293635,7.204569426112818e-07,0.0043419538408039915,False,False,0.009408146318581142,0.016293244394111672,213,False,https://huggingface.co/datasets/rodriguescarson/eligible-scroll-atlas-renders/resolve/main/PHerc0800/z10464_w040/surface-volumes.tar,https://huggingface.co/datasets/rodriguescarson/eligible-scroll-atlas-renders/resolve/main/PHerc0800/z10464_w040/ink-detection
PHerc0800,z10464_w060,5.52,,9.60,True,False,4705707,0.0008285303684042542,0.0023845262074228385,False,False,0.024213577258422592,0.027817499049558336,51,False,https://huggingface.co/datasets/rodriguescarson/eligible-scroll-atlas-renders/resolve/main/PHerc0800/z10464_w060/surface-volumes.tar,https://huggingface.co/datasets/rodriguescarson/eligible-scroll-atlas-renders/resolve/main/PHerc0800/z10464_w060/ink-detection
PHerc0800,z10464_w080,7.22,,5.00,True,False,6201094,0.0008072225796540066,0.00014915930596992244,False,False,0.010397358917636147,0.018016014593553977,201,False,https://huggingface.co/datasets/rodriguescarson/eligible-scroll-atlas-renders/resolve/main/PHerc0800/z10464_w080/surface-volumes.tar,https://huggingface.co/datasets/rodriguescarson/eligible-scroll-atlas-renders/resolve/main/PHerc0800/z10464_w080/ink-detection
PHerc0800,z10464_w100,8.76,,4.50,True,False,7527567,0.0006583736970344778,0.00013098038555575662,False,False,0.016201914908229975,0.023751897525455437,118,False,https://huggingface.co/datasets/rodriguescarson/eligible-scroll-atlas-renders/resolve/main/PHerc0800/z10464_w100/surface-volumes.tar,https://huggingface.co/datasets/rodriguescarson/eligible-scroll-atlas-renders/resolve/main/PHerc0800/z10464_w100/ink-detection
PHerc0800,z11072_w020,1.99,aprova,5.90,True,False,1644392,0.00010700195866365589,0.0,False,False,0.022167463719113205,0.018057129930089663,63,False,https://huggingface.co/datasets/rodriguescarson/eligible-scroll-atlas-renders/resolve/main/PHerc0800/z11072_w020/surface-volumes.tar,https://huggingface.co/datasets/rodriguescarson/eligible-scroll-atlas-renders/resolve/main/PHerc0800/z11072_w020/ink-detection
PHerc0800,z11072_w040,3.69,aprova,1.90,True,False,3114390,0.005255615528326597,0.0006880872545420106,False,False,0.019013033049810717,0.021911835062403875,93,False,https://huggingface.co/datasets/rodriguescarson/eligible-scroll-atlas-renders/resolve/main/PHerc0800/z11072_w040/surface-volumes.tar,https://huggingface.co/datasets/rodriguescarson/eligible-scroll-atlas-renders/resolve/main/PHerc0800/z11072_w040/ink-detection
PHerc0800,z11072_w060,5.36,,4.80,True,False,4557719,0.0017582539677028467,0.0021604927555353404,False,False,0.022277371641384647,0.03619485975331081,60,False,https://huggingface.co/datasets/rodriguescarson/eligible-scroll-atlas-renders/resolve/main/PHerc0800/z11072_w060/surface-volumes.tar,https://huggingface.co/datasets/rodriguescarson/eligible-scroll-atlas-renders/resolve/main/PHerc0800/z11072_w060/ink-detection
PHerc0800,z11072_w080,6.86,,3.90,True,False,5845278,0.0028151092147583414,0.000588443919818932,False,False,0.019070778156316946,0.008328945175918066,91,False,https://huggingface.co/datasets/rodriguescarson/eligible-scroll-atlas-renders/resolve/main/PHerc0800/z11072_w080/surface-volumes.tar,https://huggingface.co/datasets/rodriguescarson/eligible-scroll-atlas-renders/resolve/main/PHerc0800/z11072_w080/ink-detection
PHerc0800,z11072_w100,8.44,,3.00,True,False,7216193,0.0007138352190151311,0.00035965975463285416,False,False,0.023520296643950625,0.029951249918066216,55,False,https://huggingface.co/datasets/rodriguescarson/eligible-scroll-atlas-renders/resolve/main/PHerc0800/z11072_w100/surface-volumes.tar,https://huggingface.co/datasets/rodriguescarson/eligible-scroll-atlas-renders/resolve/main/PHerc0800/z11072_w100/ink-detection
PHerc0800,z12272_w020,1.95,aprova,5.90,True,False,1635348,5.025893014202014e-05,0.0008993448941759565,False,False,0.005308350271624143,0.010800759226782312,283,False,https://huggingface.co/datasets/rodriguescarson/eligible-scroll-atlas-renders/resolve/main/PHerc0800/z12272_w020/surface-volumes.tar,https://huggingface.co/datasets/rodriguescarson/eligible-scroll-atlas-renders/resolve/main/PHerc0800/z12272_w020/ink-detection
PHerc0800,z12272_w040,3.73,,2.50,True,False,3176698,0.002228887598994547,0.0005420877853372229,False,False,0.02221394668300229,0.031392974717772984,61,False,https://huggingface.co/datasets/rodriguescarson/eligible-scroll-atlas-renders/resolve/main/PHerc0800/z12272_w040/surface-volumes.tar,https://huggingface.co/datasets/rodriguescarson/eligible-scroll-atlas-renders/resolve/main/PHerc0800/z12272_w040/ink-detection
PHerc0800,z12272_w060,5.42,,7.50,True,False,4666864,0.0012198405210447104,0.0007453826506968165,False,False,0.017837245739323025,0.031729872565388666,98,False,https://huggingface.co/datasets/rodriguescarson/eligible-scroll-atlas-renders/resolve/main/PHerc0800/z12272_w060/surface-volumes.tar,https://huggingface.co/datasets/rodriguescarson/eligible-scroll-atlas-renders/resolve/main/PHerc0800/z12272_w060/ink-detection
PHerc0800,z12272_w080,7.05,,5.50,True,False,6075067,0.0010058822072033893,0.00012270354640632478,False,False,0.019634351357771033,0.015543367669854506,86,False,https://huggingface.co/datasets/rodriguescarson/eligible-scroll-atlas-renders/resolve/main/PHerc0800/z12272_w080/surface-volumes.tar,https://huggingface.co/datasets/rodriguescarson/eligible-scroll-atlas-renders/resolve/main/PHerc0800/z12272_w080/ink-detection
PHerc0800,z12272_w100,8.84,,4.90,True,False,7673332,0.0013063535440677354,0.0008922547616710663,False,False,0.01664101071086198,0.023087362830123862,111,False,https://huggingface.co/datasets/rodriguescarson/eligible-scroll-atlas-renders/resolve/main/PHerc0800/z12272_w100/surface-volumes.tar,https://huggingface.co/datasets/rodriguescarson/eligible-scroll-atlas-renders/resolve/main/PHerc0800/z12272_w100/ink-detection
PHerc0800,z12864_w020,1.87,,6.90,True,False,1560082,0.0026709812768060007,0.0007877268511581003,False,False,0.011897451544213702,0.015656869318407624,173,False,https://huggingface.co/datasets/rodriguescarson/eligible-scroll-atlas-renders/resolve/main/PHerc0800/z12864_w020/surface-volumes.tar,https://huggingface.co/datasets/rodriguescarson/eligible-scroll-atlas-renders/resolve/main/PHerc0800/z12864_w020/ink-detection
PHerc0800,z12864_w040,3.85,,7.40,True,False,3304773,0.0015271273612715516,0.0006269562424805993,False,False,0.042910360257724205,0.021675921462684426,19,False,https://huggingface.co/datasets/rodriguescarson/eligible-scroll-atlas-renders/resolve/main/PHerc0800/z12864_w040/surface-volumes.tar,https://huggingface.co/datasets/rodriguescarson/eligible-scroll-atlas-renders/resolve/main/PHerc0800/z12864_w040/ink-detection
PHerc0800,z12864_w060,5.47,,8.10,True,False,4723140,0.0015195681520527844,0.0008858694758572045,False,False,0.026639481361975297,0.021480201730204904,44,False,https://huggingface.co/datasets/rodriguescarson/eligible-scroll-atlas-renders/resolve/main/PHerc0800/z12864_w060/surface-volumes.tar,https://huggingface.co/datasets/rodriguescarson/eligible-scroll-atlas-renders/resolve/main/PHerc0800/z12864_w060/ink-detection
PHerc0800,z12864_w080,7.11,,5.80,True,False,6161844,0.002454740639066164,0.0006987816345984386,False,False,0.02691304745787138,0.021317482234214303,43,False,https://huggingface.co/datasets/rodriguescarson/eligible-scroll-atlas-renders/resolve/main/PHerc0800/z12864_w080/surface-volumes.tar,https://huggingface.co/datasets/rodriguescarson/eligible-scroll-atlas-renders/resolve/main/PHerc0800/z12864_w080/ink-detection
PHerc0800,z12864_w100,8.55,,6.70,True,False,7266812,0.001357843157595197,0.00047674654009333573,False,False,0.014244348140560125,0.016178346157847485,154,False,https://huggingface.co/datasets/rodriguescarson/eligible-scroll-atlas-renders/resolve/main/PHerc0800/z12864_w100/surface-volumes.tar,https://huggingface.co/datasets/rodriguescarson/eligible-scroll-atlas-renders/resolve/main/PHerc0800/z12864_w100/ink-detection
PHerc0800,z13472_w020,1.86,aprova,5.30,True,False,1532955,0.0007218437216060226,0.002449535252007322,False,False,0.019950357316424812,0.0271469155976529,81,False,https://huggingface.co/datasets/rodriguescarson/eligible-scroll-atlas-renders/resolve/main/PHerc0800/z13472_w020/surface-volumes.tar,https://huggingface.co/datasets/rodriguescarson/eligible-scroll-atlas-renders/resolve/main/PHerc0800/z13472_w020/ink-detection
PHerc0800,z13472_w040,3.80,,3.10,True,False,3220402,0.0005831284769096843,0.000267246749316654,False,False,0.00997204696804933,0.007523905400630108,205,False,https://huggingface.co/datasets/rodriguescarson/eligible-scroll-atlas-renders/resolve/main/PHerc0800/z13472_w040/surface-volumes.tar,https://huggingface.co/datasets/rodriguescarson/eligible-scroll-atlas-renders/resolve/main/PHerc0800/z13472_w040/ink-detection
PHerc0800,z13472_w060,5.62,,3.90,True,False,4829620,0.0002937317545183193,4.690523829829107e-05,False,False,0.015314041270327686,0.01719824748116829,133,False,https://huggingface.co/datasets/rodriguescarson/eligible-scroll-atlas-renders/resolve/main/PHerc0800/z13472_w060/surface-volumes.tar,https://huggingface.co/datasets/rodriguescarson/eligible-scroll-atlas-renders/resolve/main/PHerc0800/z13472_w060/ink-detection
PHerc0800,z13472_w080,7.27,,10.80,True,False,6291882,0.0001876957736202534,0.0005560329830602674,False,False,0.01334640414426081,0.01968139262624442,161,False,https://huggingface.co/datasets/rodriguescarson/eligible-scroll-atlas-renders/resolve/main/PHerc0800/z13472_w080/surface-volumes.tar,https://huggingface.co/datasets/rodriguescarson/eligible-scroll-atlas-renders/resolve/main/PHerc0800/z13472_w080/ink-detection
PHerc0800,z13472_w100,9.05,,11.70,True,False,5176958,0.001826277303672129,0.00023232120564604808,False,False,0.006734070471500831,0.011739133290244966,255,False,https://huggingface.co/datasets/rodriguescarson/eligible-scroll-atlas-renders/resolve/main/PHerc0800/z13472_w100/surface-volumes.tar,https://huggingface.co/datasets/rodriguescarson/eligible-scroll-atlas-renders/resolve/main/PHerc0800/z13472_w100/ink-detection
PHerc0800,z14064_w020,1.91,aprova,4.80,True,False,1565580,0.0,0.0,False,False,0.02010884145173035,0.024542980876097038,79,False,https://huggingface.co/datasets/rodriguescarson/eligible-scroll-atlas-renders/resolve/main/PHerc0800/z14064_w020/surface-volumes.tar,https://huggingface.co/datasets/rodriguescarson/eligible-scroll-atlas-renders/resolve/main/PHerc0800/z14064_w020/ink-detection
PHerc0800,z14064_w040,3.80,,6.30,True,False,3219645,0.00016485255155388885,0.0008901055056329945,False,False,0.015195464096196942,0.020039476401901454,134,False,https://huggingface.co/datasets/rodriguescarson/eligible-scroll-atlas-renders/resolve/main/PHerc0800/z14064_w040/surface-volumes.tar,https://huggingface.co/datasets/rodriguescarson/eligible-scroll-atlas-renders/resolve/main/PHerc0800/z14064_w040/ink-detection
PHerc0800,z14064_w060,5.65,,5.40,True,False,4858742,0.0011409148904881479,0.004816199882810857,False,False,0.020978681312981837,0.03365356711675574,68,False,https://huggingface.co/datasets/rodriguescarson/eligible-scroll-atlas-renders/resolve/main/PHerc0800/z14064_w060/surface-volumes.tar,https://huggingface.co/datasets/rodriguescarson/eligible-scroll-atlas-renders/resolve/main/PHerc0800/z14064_w060/ink-detection
PHerc0800,z14064_w080,7.33,,5.80,True,False,6333149,0.0008087719728480835,0.0013427816851184456,False,False,0.01675390867955262,0.03240283782996421,107,False,https://huggingface.co/datasets/rodriguescarson/eligible-scroll-atlas-renders/resolve/main/PHerc0800/z14064_w080/surface-volumes.tar,https://huggingface.co/datasets/rodriguescarson/eligible-scroll-atlas-renders/resolve/main/PHerc0800/z14064_w080/ink-detection
PHerc0800,z14064_w100,9.18,,9.30,True,False,5411750,0.0016383765739234164,0.0011493963436576484,False,False,0.010598974453734929,0.014851942532452533,197,False,https://huggingface.co/datasets/rodriguescarson/eligible-scroll-atlas-renders/resolve/main/PHerc0800/z14064_w100/surface-volumes.tar,https://huggingface.co/datasets/rodriguescarson/eligible-scroll-atlas-renders/resolve/main/PHerc0800/z14064_w100/ink-detection
PHerc0800,z14672_w020,1.78,aprova,7.70,True,False,1447644,1.6323297044830303e-06,0.0,False,False,0.014589912989657679,0.03681222731555548,146,False,https://huggingface.co/datasets/rodriguescarson/eligible-scroll-atlas-renders/resolve/main/PHerc0800/z14672_w020/surface-volumes.tar,https://huggingface.co/datasets/rodriguescarson/eligible-scroll-atlas-renders/resolve/main/PHerc0800/z14672_w020/ink-detection
PHerc0800,z14672_w040,3.57,,4.20,True,False,3003034,0.0,0.0008127654713644932,False,False,0.014074432723705427,0.010658553982405793,156,False,https://huggingface.co/datasets/rodriguescarson/eligible-scroll-atlas-renders/resolve/main/PHerc0800/z14672_w040/surface-volumes.tar,https://huggingface.co/datasets/rodriguescarson/eligible-scroll-atlas-renders/resolve/main/PHerc0800/z14672_w040/ink-detection
PHerc0800,z14672_w060,5.13,,10.50,True,False,4362493,0.0003581451454377567,9.066965707284981e-07,False,False,0.009517264554923069,0.006121729020539403,211,False,https://huggingface.co/datasets/rodriguescarson/eligible-scroll-atlas-renders/resolve/main/PHerc0800/z14672_w060/surface-volumes.tar,https://huggingface.co/datasets/rodriguescarson/eligible-scroll-atlas-renders/resolve/main/PHerc0800/z14672_w060/ink-detection
PHerc0800,z14672_w080,6.88,,5.00,True,False,5885085,0.0002406438116473219,0.002679499568482198,False,False,0.01299590405236288,0.022276313766071348,164,False,https://huggingface.co/datasets/rodriguescarson/eligible-scroll-atlas-renders/resolve/main/PHerc0800/z14672_w080/surface-volumes.tar,https://huggingface.co/datasets/rodriguescarson/eligible-scroll-atlas-renders/resolve/main/PHerc0800/z14672_w080/ink-detection
PHerc0800,z14672_w100,8.97,,5.30,True,False,5484266,0.0009486193675996228,0.0018042425081270458,False,False,0.010956616619252239,0.02162021316982072,186,False,https://huggingface.co/datasets/rodriguescarson/eligible-scroll-atlas-renders/resolve/main/PHerc0800/z14672_w100/surface-volumes.tar,https://huggingface.co/datasets/rodriguescarson/eligible-scroll-atlas-renders/resolve/main/PHerc0800/z14672_w100/ink-detection
PHerc0800,z15264_w020,1.71,aprova,5.60,True,False,1382332,0.0,0.0018371776394118754,False,False,0.010738375440921573,0.012712575560719133,192,False,https://huggingface.co/datasets/rodriguescarson/eligible-scroll-atlas-renders/resolve/main/PHerc0800/z15264_w020/surface-volumes.tar,https://huggingface.co/datasets/rodriguescarson/eligible-scroll-atlas-renders/resolve/main/PHerc0800/z15264_w020/ink-detection
PHerc0800,z15264_w040,3.51,,4.60,True,False,2950599,0.0015834067756201966,0.002300239212020069,False,False,0.016253987749606097,0.03245239356483209,117,False,https://huggingface.co/datasets/rodriguescarson/eligible-scroll-atlas-renders/resolve/main/PHerc0800/z15264_w040/surface-volumes.tar,https://huggingface.co/datasets/rodriguescarson/eligible-scroll-atlas-renders/resolve/main/PHerc0800/z15264_w040/ink-detection
PHerc0800,z15264_w060,5.04,,5.50,True,False,4296037,0.00011163296554630889,3.628992444327203e-05,False,False,0.015624865428300548,0.005143112128689767,131,False,https://huggingface.co/datasets/rodriguescarson/eligible-scroll-atlas-renders/resolve/main/PHerc0800/z15264_w060/surface-volumes.tar,https://huggingface.co/datasets/rodriguescarson/eligible-scroll-atlas-renders/resolve/main/PHerc0800/z15264_w060/ink-detection
PHerc0800,z15264_w080,6.97,,49.50,False,False,6012715,0.00015378606263401922,0.0003849263829939761,False,False,0.016658863757886413,0.03305944153348363,110,False,https://huggingface.co/datasets/rodriguescarson/eligible-scroll-atlas-renders/resolve/main/PHerc0800/z15264_w080/surface-volumes.tar,https://huggingface.co/datasets/rodriguescarson/eligible-scroll-atlas-renders/resolve/main/PHerc0800/z15264_w080/ink-detection
PHerc0800,z15264_w100,8.93,aprova,18.60,True,False,6078490,0.0007510182751691844,0.0003786383803977972,False,False,0.006994171249767623,0.008458844219534786,251,False,https://huggingface.co/datasets/rodriguescarson/eligible-scroll-atlas-renders/resolve/main/PHerc0800/z15264_w100/surface-volumes.tar,https://huggingface.co/datasets/rodriguescarson/eligible-scroll-atlas-renders/resolve/main/PHerc0800/z15264_w100/ink-detection
PHerc0800,z15872_w020,1.63,parcial,6.00,True,False,1321707,0.0,0.0,False,False,0.005212955670205272,0.005952151271045701,284,False,https://huggingface.co/datasets/rodriguescarson/eligible-scroll-atlas-renders/resolve/main/PHerc0800/z15872_w020/surface-volumes.tar,https://huggingface.co/datasets/rodriguescarson/eligible-scroll-atlas-renders/resolve/main/PHerc0800/z15872_w020/ink-detection
PHerc0800,z15872_w040,3.53,,7.00,True,False,2973712,0.0,0.00044955900149516254,False,False,0.006590416287791151,0.017887408061036173,259,False,https://huggingface.co/datasets/rodriguescarson/eligible-scroll-atlas-renders/resolve/main/PHerc0800/z15872_w040/surface-volumes.tar,https://huggingface.co/datasets/rodriguescarson/eligible-scroll-atlas-renders/resolve/main/PHerc0800/z15872_w040/ink-detection
PHerc0800,z15872_w060,5.33,,8.40,True,False,4586412,0.0005819332274372621,0.00013369436569796406,False,False,0.009104066533926739,0.012213032758504905,217,False,https://huggingface.co/datasets/rodriguescarson/eligible-scroll-atlas-renders/resolve/main/PHerc0800/z15872_w060/surface-volumes.tar,https://huggingface.co/datasets/rodriguescarson/eligible-scroll-atlas-renders/resolve/main/PHerc0800/z15872_w060/ink-detection
PHerc0800,z15872_w080,7.19,,8.00,True,False,6231496,0.0005270462637979134,0.0008070435668679611,False,False,0.015081611221446663,0.01992266383545781,138,False,https://huggingface.co/datasets/rodriguescarson/eligible-scroll-atlas-renders/resolve/main/PHerc0800/z15872_w080/surface-volumes.tar,https://huggingface.co/datasets/rodriguescarson/eligible-scroll-atlas-renders/resolve/main/PHerc0800/z15872_w080/ink-detection
PHerc0800,z15872_w100,9.08,,30.40,False,False,6173121,0.0034017891052420886,0.001255350379273888,False,False,0.008368052400074452,0.010820296572835685,226,False,https://huggingface.co/datasets/rodriguescarson/eligible-scroll-atlas-renders/resolve/main/PHerc0800/z15872_w100/surface-volumes.tar,https://huggingface.co/datasets/rodriguescarson/eligible-scroll-atlas-renders/resolve/main/PHerc0800/z15872_w100/ink-detection
PHerc0800,z16464_w020,1.58,aprova,4.90,True,False,1283413,0.0,0.00042608735159082846,False,False,0.028281620959114486,0.03274160383290492,40,False,https://huggingface.co/datasets/rodriguescarson/eligible-scroll-atlas-renders/resolve/main/PHerc0800/z16464_w020/surface-volumes.tar,https://huggingface.co/datasets/rodriguescarson/eligible-scroll-atlas-renders/resolve/main/PHerc0800/z16464_w020/ink-detection
PHerc0800,z16464_w040,3.48,,33.40,False,False,2957998,0.0008845475483103162,0.0007012701524867933,False,False,0.004996284649279681,0.01239588397287625,286,False,https://huggingface.co/datasets/rodriguescarson/eligible-scroll-atlas-renders/resolve/main/PHerc0800/z16464_w040/surface-volumes.tar,https://huggingface.co/datasets/rodriguescarson/eligible-scroll-atlas-renders/resolve/main/PHerc0800/z16464_w040/ink-detection
PHerc0800,z16464_w060,5.15,,3.50,True,False,4412209,0.0008522598795027641,0.0012644815984368236,False,False,0.012153096102201867,0.022124518580148855,171,False,https://huggingface.co/datasets/rodriguescarson/eligible-scroll-atlas-renders/resolve/main/PHerc0800/z16464_w060/surface-volumes.tar,https://huggingface.co/datasets/rodriguescarson/eligible-scroll-atlas-renders/resolve/main/PHerc0800/z16464_w060/ink-detection
PHerc0800,z16464_w080,6.72,,4.20,True,False,5779282,0.0023178788886351843,0.0009762447566076406,False,False,0.008249986763061571,0.013234515983127316,228,False,https://huggingface.co/datasets/rodriguescarson/eligible-scroll-atlas-renders/resolve/main/PHerc0800/z16464_w080/surface-volumes.tar,https://huggingface.co/datasets/rodriguescarson/eligible-scroll-atlas-renders/resolve/main/PHerc0800/z16464_w080/ink-detection
PHerc0800,z16464_w100,8.47,,21.10,True,False,6087496,0.0025297419205628016,0.0018819335033695007,False,False,0.010882799758718528,0.008245754904808151,187,False,https://huggingface.co/datasets/rodriguescarson/eligible-scroll-atlas-renders/resolve/main/PHerc0800/z16464_w100/surface-volumes.tar,https://huggingface.co/datasets/rodriguescarson/eligible-scroll-atlas-renders/resolve/main/PHerc0800/z16464_w100/ink-detection
PHerc0800,z17072_w020,1.67,parcial,6.00,True,False,1343311,3.5191524004138524e-05,0.0,False,False,0.0045149634001359325,0.004113716034484941,293,False,https://huggingface.co/datasets/rodriguescarson/eligible-scroll-atlas-renders/resolve/main/PHerc0800/z17072_w020/surface-volumes.tar,https://huggingface.co/datasets/rodriguescarson/eligible-scroll-atlas-renders/resolve/main/PHerc0800/z17072_w020/ink-detection
PHerc0800,z17072_w040,3.26,,6.30,True,False,2711038,8.457828682888588e-05,0.004531062979908866,False,False,0.004518933338448225,0.04069142520318786,292,False,https://huggingface.co/datasets/rodriguescarson/eligible-scroll-atlas-renders/resolve/main/PHerc0800/z17072_w040/surface-volumes.tar,https://huggingface.co/datasets/rodriguescarson/eligible-scroll-atlas-renders/resolve/main/PHerc0800/z17072_w040/ink-detection
PHerc0800,z17072_w060,4.76,,13.20,True,False,3990968,0.0016233894961208346,0.0019463228810494997,False,False,0.017154484826738776,0.028445229327822223,106,False,https://huggingface.co/datasets/rodriguescarson/eligible-scroll-atlas-renders/resolve/main/PHerc0800/z17072_w060/surface-volumes.tar,https://huggingface.co/datasets/rodriguescarson/eligible-scroll-atlas-renders/resolve/main/PHerc0800/z17072_w060/ink-detection
PHerc0800,z17072_w080,6.67,reprova,23.70,True,True,5725474,0.004405878342675613,0.0027745892575454906,False,False,0.01747209052036565,0.018863067057854073,100,False,https://huggingface.co/datasets/rodriguescarson/eligible-scroll-atlas-renders/resolve/main/PHerc0800/z17072_w080/surface-volumes.tar,https://huggingface.co/datasets/rodriguescarson/eligible-scroll-atlas-renders/resolve/main/PHerc0800/z17072_w080/ink-detection
PHerc0800,z17072_w100,8.25,reprova,13.70,True,True,7112607,0.004247982573339537,0.004717491156585126,False,False,0.01721928401217725,0.022237837687362736,104,False,https://huggingface.co/datasets/rodriguescarson/eligible-scroll-atlas-renders/resolve/main/PHerc0800/z17072_w100/surface-volumes.tar,https://huggingface.co/datasets/rodriguescarson/eligible-scroll-atlas-renders/resolve/main/PHerc0800/z17072_w100/ink-detection
PHerc0813,z4704_w020,1.50,reprova,29.10,True,True,1244917,0.002556805245662766,0.006223153165459982,False,False,0.003621124942466044,0.008577278645885629,305,False,https://huggingface.co/datasets/rodriguescarson/eligible-scroll-atlas-renders/resolve/main/PHerc0813/z4704_w020/surface-volumes.tar,https://huggingface.co/datasets/rodriguescarson/eligible-scroll-atlas-renders/resolve/main/PHerc0813/z4704_w020/ink-detection
PHerc0813,z4704_w040,4.09,,14.80,True,False,3598430,0.006278729501663332,0.003118582966407692,False,False,0.01661585747117493,0.005805309537770639,112,False,https://huggingface.co/datasets/rodriguescarson/eligible-scroll-atlas-renders/resolve/main/PHerc0813/z4704_w040/surface-volumes.tar,https://huggingface.co/datasets/rodriguescarson/eligible-scroll-atlas-renders/resolve/main/PHerc0813/z4704_w040/ink-detection
PHerc0813,z4704_w060,6.25,,57.00,False,False,5534385,0.004536620417101503,0.006163110981848043,False,False,0.00899557945462775,0.021930349984686646,218,False,https://huggingface.co/datasets/rodriguescarson/eligible-scroll-atlas-renders/resolve/main/PHerc0813/z4704_w060/surface-volumes.tar,https://huggingface.co/datasets/rodriguescarson/eligible-scroll-atlas-renders/resolve/main/PHerc0813/z4704_w060/ink-detection
PHerc0813,z4704_w080,8.36,,17.10,True,False,7484858,0.0056515295654951895,0.0024440721669693986,False,False,0.016045862192709603,0.01838551913743721,124,False,https://huggingface.co/datasets/rodriguescarson/eligible-scroll-atlas-renders/resolve/main/PHerc0813/z4704_w080/surface-volumes.tar,https://huggingface.co/datasets/rodriguescarson/eligible-scroll-atlas-renders/resolve/main/PHerc0813/z4704_w080/ink-detection
PHerc0813,z4704_w100,9.85,reprova,13.50,True,True,8560256,0.004774749484861957,0.0052543693446621504,False,False,0.02257724535340999,0.02048466774825426,57,False,https://huggingface.co/datasets/rodriguescarson/eligible-scroll-atlas-renders/resolve/main/PHerc0813/z4704_w100/surface-volumes.tar,https://huggingface.co/datasets/rodriguescarson/eligible-scroll-atlas-renders/resolve/main/PHerc0813/z4704_w100/ink-detection
PHerc0813,z5296_w020,1.41,reprova,21.10,True,True,1134500,0.0018743369876382022,0.0004604657281936587,False,False,0.0039409431467606875,0.004880564125165271,302,False,https://huggingface.co/datasets/rodriguescarson/eligible-scroll-atlas-renders/resolve/main/PHerc0813/z5296_w020/surface-volumes.tar,https://huggingface.co/datasets/rodriguescarson/eligible-scroll-atlas-renders/resolve/main/PHerc0813/z5296_w020/ink-detection
PHerc0813,z5296_w040,4.28,,47.30,False,False,3812041,0.0031921821838877757,0.008193814041726878,False,False,0.01357304394155257,0.02583051966125233,160,False,https://huggingface.co/datasets/rodriguescarson/eligible-scroll-atlas-renders/resolve/main/PHerc0813/z5296_w040/surface-volumes.tar,https://huggingface.co/datasets/rodriguescarson/eligible-scroll-atlas-renders/resolve/main/PHerc0813/z5296_w040/ink-detection
PHerc0813,z5296_w060,6.03,,15.20,True,False,5365354,0.0033193497547726243,0.0025823439819137087,False,False,0.020344230781417217,0.019910894975429395,74,False,https://huggingface.co/datasets/rodriguescarson/eligible-scroll-atlas-renders/resolve/main/PHerc0813/z5296_w060/surface-volumes.tar,https://huggingface.co/datasets/rodriguescarson/eligible-scroll-atlas-renders/resolve/main/PHerc0813/z5296_w060/ink-detection
PHerc0813,z5296_w080,7.58,,4.90,True,False,6720168,0.002504018708538587,0.0027960580045802578,False,False,0.01610867466408578,0.014299493703133612,122,False,https://huggingface.co/datasets/rodriguescarson/eligible-scroll-atlas-renders/resolve/main/PHerc0813/z5296_w080/surface-volumes.tar,https://huggingface.co/datasets/rodriguescarson/eligible-scroll-atlas-renders/resolve/main/PHerc0813/z5296_w080/ink-detection
PHerc0813,z5296_w100,9.64,,10.40,True,False,6811693,0.006226107455008783,0.0013542262902408342,False,False,0.010990806543982531,0.006968018083022826,185,False,https://huggingface.co/datasets/rodriguescarson/eligible-scroll-atlas-renders/resolve/main/PHerc0813/z5296_w100/surface-volumes.tar,https://huggingface.co/datasets/rodriguescarson/eligible-scroll-atlas-renders/resolve/main/PHerc0813/z5296_w100/ink-detection
PHerc0813,z5888_w020,2.00,,8.90,True,False,1706823,0.026793043512939558,0.022325320677924042,True,False,0.051589414953981755,0.048098719082177825,12,True,https://huggingface.co/datasets/rodriguescarson/eligible-scroll-atlas-renders/resolve/main/PHerc0813/z5888_w020/surface-volumes.tar,https://huggingface.co/datasets/rodriguescarson/eligible-scroll-atlas-renders/resolve/main/PHerc0813/z5888_w020/ink-detection
PHerc0813,z5888_w040,4.24,,10.20,True,False,3705655,0.002823312700516467,0.009045832627079704,False,False,0.034137284771518124,0.030647753231210138,28,False,https://huggingface.co/datasets/rodriguescarson/eligible-scroll-atlas-renders/resolve/main/PHerc0813/z5888_w040/surface-volumes.tar,https://huggingface.co/datasets/rodriguescarson/eligible-scroll-atlas-renders/resolve/main/PHerc0813/z5888_w040/ink-detection
PHerc0813,z5888_w060,5.86,,25.00,True,False,5124099,0.005558220157545722,0.005712861504170697,False,False,0.020359091422706706,0.016885505139537703,72,False,https://huggingface.co/datasets/rodriguescarson/eligible-scroll-atlas-renders/resolve/main/PHerc0813/z5888_w060/surface-volumes.tar,https://huggingface.co/datasets/rodriguescarson/eligible-scroll-atlas-renders/resolve/main/PHerc0813/z5888_w060/ink-detection
PHerc0813,z5888_w080,7.75,,10.90,True,False,6794421,0.0055936704119328665,0.0021037358438545655,False,False,0.01408979514222036,0.011417308406411673,155,False,https://huggingface.co/datasets/rodriguescarson/eligible-scroll-atlas-renders/resolve/main/PHerc0813/z5888_w080/surface-volumes.tar,https://huggingface.co/datasets/rodriguescarson/eligible-scroll-atlas-renders/resolve/main/PHerc0813/z5888_w080/ink-detection
PHerc0813,z5888_w100,9.94,,6.90,True,False,6204322,0.006709816645656361,0.005469343776421859,False,False,0.01469459515479693,0.020439300216848835,142,False,https://huggingface.co/datasets/rodriguescarson/eligible-scroll-atlas-renders/resolve/main/PHerc0813/z5888_w100/surface-volumes.tar,https://huggingface.co/datasets/rodriguescarson/eligible-scroll-atlas-renders/resolve/main/PHerc0813/z5888_w100/ink-detection
PHerc0813,z6496_w020,2.21,aprova,4.30,True,False,1885647,0.005567030983655871,0.008228216183695979,False,False,0.06477405368024874,0.08994896711844794,8,False,https://huggingface.co/datasets/rodriguescarson/eligible-scroll-atlas-renders/resolve/main/PHerc0813/z6496_w020/surface-volumes.tar,https://huggingface.co/datasets/rodriguescarson/eligible-scroll-atlas-renders/resolve/main/PHerc0813/z6496_w020/ink-detection
PHerc0813,z6496_w040,4.27,,2.50,True,False,3697420,0.004655745523095282,0.0023901728129227962,False,False,0.08415949499921567,0.07465557064114978,7,False,https://huggingface.co/datasets/rodriguescarson/eligible-scroll-atlas-renders/resolve/main/PHerc0813/z6496_w040/surface-volumes.tar,https://huggingface.co/datasets/rodriguescarson/eligible-scroll-atlas-renders/resolve/main/PHerc0813/z6496_w040/ink-detection
PHerc0813,z6496_w060,6.02,reprova,4.10,True,True,5241979,0.0021422461552898374,0.0008364342456211269,False,False,0.019324190348721352,0.03183778492817312,88,False,https://huggingface.co/datasets/rodriguescarson/eligible-scroll-atlas-renders/resolve/main/PHerc0813/z6496_w060/surface-volumes.tar,https://huggingface.co/datasets/rodriguescarson/eligible-scroll-atlas-renders/resolve/main/PHerc0813/z6496_w060/ink-detection
PHerc0813,z6496_w080,8.18,,9.00,True,False,6168787,0.005654542650538451,0.0036003701289245554,False,False,0.00856278552007064,0.014503175421683388,224,False,https://huggingface.co/datasets/rodriguescarson/eligible-scroll-atlas-renders/resolve/main/PHerc0813/z6496_w080/surface-volumes.tar,https://huggingface.co/datasets/rodriguescarson/eligible-scroll-atlas-renders/resolve/main/PHerc0813/z6496_w080/ink-detection
PHerc0813,z6496_w100,10.01,,21.00,True,False,5659517,0.004185387011605917,0.0016563638582944434,False,False,0.009748888465217084,0.005655252912925255,208,False,https://huggingface.co/datasets/rodriguescarson/eligible-scroll-atlas-renders/resolve/main/PHerc0813/z6496_w100/surface-volumes.tar,https://huggingface.co/datasets/rodriguescarson/eligible-scroll-atlas-renders/resolve/main/PHerc0813/z6496_w100/ink-detection
PHerc0813,z7104_w020,2.27,aprova,4.50,True,False,1976948,1.0532010129878834e-05,0.011448773738911469,False,False,0.015642798900122816,0.051242622466549446,130,False,https://huggingface.co/datasets/rodriguescarson/eligible-scroll-atlas-renders/resolve/main/PHerc0813/z7104_w020/surface-volumes.tar,https://huggingface.co/datasets/rodriguescarson/eligible-scroll-atlas-renders/resolve/main/PHerc0813/z7104_w020/ink-detection
PHerc0813,z7104_w040,4.17,,10.80,True,False,3684453,0.0031717846588719,0.006320955929590132,False,False,0.01926418928399955,0.03058093019506559,89,False,https://huggingface.co/datasets/rodriguescarson/eligible-scroll-atlas-renders/resolve/main/PHerc0813/z7104_w040/surface-volumes.tar,https://huggingface.co/datasets/rodriguescarson/eligible-scroll-atlas-renders/resolve/main/PHerc0813/z7104_w040/ink-detection
PHerc0813,z7104_w060,5.99,,15.80,True,False,5300524,0.0003998776088889936,0.0013179894582265356,False,False,0.017227730692286274,0.02575952868056064,103,False,https://huggingface.co/datasets/rodriguescarson/eligible-scroll-atlas-renders/resolve/main/PHerc0813/z7104_w060/surface-volumes.tar,https://huggingface.co/datasets/rodriguescarson/eligible-scroll-atlas-renders/resolve/main/PHerc0813/z7104_w060/ink-detection
PHerc0813,z7104_w080,7.73,,4.00,True,False,6819551,0.003790509596609833,0.00044719963091456903,False,False,0.017614502772983147,0.010502157693373069,99,False,https://huggingface.co/datasets/rodriguescarson/eligible-scroll-atlas-renders/resolve/main/PHerc0813/z7104_w080/surface-volumes.tar,https://huggingface.co/datasets/rodriguescarson/eligible-scroll-atlas-renders/resolve/main/PHerc0813/z7104_w080/ink-detection
PHerc0813,z7104_w100,9.69,,9.00,True,False,5599878,0.002560510496806093,0.0025442543624437236,False,False,0.00627960109130949,0.00832714569853129,268,False,https://huggingface.co/datasets/rodriguescarson/eligible-scroll-atlas-renders/resolve/main/PHerc0813/z7104_w100/surface-volumes.tar,https://huggingface.co/datasets/rodriguescarson/eligible-scroll-atlas-renders/resolve/main/PHerc0813/z7104_w100/ink-detection
PHerc0813,z7696_w020,1.81,aprova,4.20,True,False,1570368,0.02020710718610129,0.008018023987807302,True,True,0.08952742287158169,0.10139597852223173,3,True,https://huggingface.co/datasets/rodriguescarson/eligible-scroll-atlas-renders/resolve/main/PHerc0813/z7696_w020/surface-volumes.tar,https://huggingface.co/datasets/rodriguescarson/eligible-scroll-atlas-renders/resolve/main/PHerc0813/z7696_w020/ink-detection
PHerc0813,z7696_w040,3.69,,11.50,True,False,3260726,0.002167354480737626,0.002234404016702591,False,False,0.017343376904407178,0.02296543775833971,102,False,https://huggingface.co/datasets/rodriguescarson/eligible-scroll-atlas-renders/resolve/main/PHerc0813/z7696_w040/surface-volumes.tar,https://huggingface.co/datasets/rodriguescarson/eligible-scroll-atlas-renders/resolve/main/PHerc0813/z7696_w040/ink-detection
PHerc0813,z7696_w060,5.56,,8.40,True,False,4947502,0.002055076195048613,0.00027084771893045754,False,False,0.011125210257620916,0.008941077739837195,181,False,https://huggingface.co/datasets/rodriguescarson/eligible-scroll-atlas-renders/resolve/main/PHerc0813/z7696_w060/surface-volumes.tar,https://huggingface.co/datasets/rodriguescarson/eligible-scroll-atlas-renders/resolve/main/PHerc0813/z7696_w060/ink-detection
PHerc0813,z7696_w080,7.40,,9.30,True,False,6605975,0.0009495738312645285,0.0025032916170618855,False,False,0.009310964694840655,0.009088893009737397,215,False,https://huggingface.co/datasets/rodriguescarson/eligible-scroll-atlas-renders/resolve/main/PHerc0813/z7696_w080/surface-volumes.tar,https://huggingface.co/datasets/rodriguescarson/eligible-scroll-atlas-renders/resolve/main/PHerc0813/z7696_w080/ink-detection
PHerc0813,z7696_w100,9.29,,7.50,True,False,7037136,0.0020861143484375796,0.0025693150223633286,False,False,0.011069133806707728,0.01151221178615846,183,False,https://huggingface.co/datasets/rodriguescarson/eligible-scroll-atlas-renders/resolve/main/PHerc0813/z7696_w100/surface-volumes.tar,https://huggingface.co/datasets/rodriguescarson/eligible-scroll-atlas-renders/resolve/main/PHerc0813/z7696_w100/ink-detection
PHerc0813,z8288_w020,1.78,aprova,3.20,True,False,1529691,0.0062037946224298745,0.008097148468127102,False,False,0.04234842200156764,0.051468564566307835,20,False,https://huggingface.co/datasets/rodriguescarson/eligible-scroll-atlas-renders/resolve/main/PHerc0813/z8288_w020/surface-volumes.tar,https://huggingface.co/datasets/rodriguescarson/eligible-scroll-atlas-renders/resolve/main/PHerc0813/z8288_w020/ink-detection
PHerc0813,z8288_w040,3.67,reprova,2.80,True,True,3218058,0.004272519357740451,0.00040302903808051173,False,False,0.034469546540180446,0.0296840516858304,27,False,https://huggingface.co/datasets/rodriguescarson/eligible-scroll-atlas-renders/resolve/main/PHerc0813/z8288_w040/surface-volumes.tar,https://huggingface.co/datasets/rodriguescarson/eligible-scroll-atlas-renders/resolve/main/PHerc0813/z8288_w040/ink-detection
PHerc0813,z8288_w060,5.57,,19.00,True,False,4915341,0.0012329891030110202,0.003744997361457246,False,False,0.0203104932089147,0.025582558768557462,75,False,https://huggingface.co/datasets/rodriguescarson/eligible-scroll-atlas-renders/resolve/main/PHerc0813/z8288_w060/surface-volumes.tar,https://huggingface.co/datasets/rodriguescarson/eligible-scroll-atlas-renders/resolve/main/PHerc0813/z8288_w060/ink-detection
PHerc0813,z8288_w080,7.53,,5.90,True,False,6651541,0.0025121896466318394,0.0007647959420291504,False,False,0.022453142813071435,0.019485259130177502,59,False,https://huggingface.co/datasets/rodriguescarson/eligible-scroll-atlas-renders/resolve/main/PHerc0813/z8288_w080/surface-volumes.tar,https://huggingface.co/datasets/rodriguescarson/eligible-scroll-atlas-renders/resolve/main/PHerc0813/z8288_w080/ink-detection
PHerc0813,z8288_w100,9.32,,33.80,False,False,6522363,0.0018611279390777912,0.002948298484437503,False,False,0.010609345110046773,0.012670867904776228,195,False,https://huggingface.co/datasets/rodriguescarson/eligible-scroll-atlas-renders/resolve/main/PHerc0813/z8288_w100/surface-volumes.tar,https://huggingface.co/datasets/rodriguescarson/eligible-scroll-atlas-renders/resolve/main/PHerc0813/z8288_w100/ink-detection
PHerc0813,z9504_w020,1.48,reprova,18.30,True,True,1226390,0.016242344875399606,0.01460771097330817,False,False,0.008636730566948523,0.015482024478347019,222,False,https://huggingface.co/datasets/rodriguescarson/eligible-scroll-atlas-renders/resolve/main/PHerc0813/z9504_w020/surface-volumes.tar,https://huggingface.co/datasets/rodriguescarson/eligible-scroll-atlas-renders/resolve/main/PHerc0813/z9504_w020/ink-detection
PHerc0813,z9504_w040,4.22,,8.70,True,False,3697285,0.0095130497429348,0.013009832334544977,False,False,0.011470579087086876,0.027331947631843365,176,False,https://huggingface.co/datasets/rodriguescarson/eligible-scroll-atlas-renders/resolve/main/PHerc0813/z9504_w040/surface-volumes.tar,https://huggingface.co/datasets/rodriguescarson/eligible-scroll-atlas-renders/resolve/main/PHerc0813/z9504_w040/ink-detection
PHerc0813,z9504_w060,6.08,,4.90,True,False,5357246,0.009131703216554998,0.006082739669903118,False,False,0.030405921251329508,0.036505883806717106,34,False,https://huggingface.co/datasets/rodriguescarson/eligible-scroll-atlas-renders/resolve/main/PHerc0813/z9504_w060/surface-volumes.tar,https://huggingface.co/datasets/rodriguescarson/eligible-scroll-atlas-renders/resolve/main/PHerc0813/z9504_w060/ink-detection
PHerc0813,z9504_w080,7.93,,12.40,True,False,7015131,0.00598826710296517,0.0018716622989150187,False,False,0.010310142462058086,0.012804322542230502,203,False,https://huggingface.co/datasets/rodriguescarson/eligible-scroll-atlas-renders/resolve/main/PHerc0813/z9504_w080/surface-volumes.tar,https://huggingface.co/datasets/rodriguescarson/eligible-scroll-atlas-renders/resolve/main/PHerc0813/z9504_w080/ink-detection
PHerc0813,z9504_w100,9.79,,22.60,True,False,6852078,0.004196802471740493,0.0010280957100319676,False,False,0.012399742092836655,0.00742606841311497,168,False,https://huggingface.co/datasets/rodriguescarson/eligible-scroll-atlas-renders/resolve/main/PHerc0813/z9504_w100/surface-volumes.tar,https://huggingface.co/datasets/rodriguescarson/eligible-scroll-atlas-renders/resolve/main/PHerc0813/z9504_w100/ink-detection
PHerc0813,z11296_w020,1.72,aprova,3.50,True,False,1441382,0.001566851225869245,0.0,False,False,0.015615568947024453,0.0004925828128837463,132,False,https://huggingface.co/datasets/rodriguescarson/eligible-scroll-atlas-renders/resolve/main/PHerc0813/z11296_w020/surface-volumes.tar,https://huggingface.co/datasets/rodriguescarson/eligible-scroll-atlas-renders/resolve/main/PHerc0813/z11296_w020/ink-detection
PHerc0813,z11296_w040,3.71,,11.70,True,False,3250652,0.009636583747540945,0.005576379107639657,False,False,0.03796161508521983,0.026063079037682287,24,False,https://huggingface.co/datasets/rodriguescarson/eligible-scroll-atlas-renders/resolve/main/PHerc0813/z11296_w040/surface-volumes.tar,https://huggingface.co/datasets/rodriguescarson/eligible-scroll-atlas-renders/resolve/main/PHerc0813/z11296_w040/ink-detection
PHerc0813,z11296_w060,5.67,,11.10,True,False,4983474,0.003649414692510897,0.0038373722695364816,False,False,0.013745431399862826,0.019898568749430617,157,False,https://huggingface.co/datasets/rodriguescarson/eligible-scroll-atlas-renders/resolve/main/PHerc0813/z11296_w060/surface-volumes.tar,https://huggingface.co/datasets/rodriguescarson/eligible-scroll-atlas-renders/resolve/main/PHerc0813/z11296_w060/ink-detection
PHerc0813,z11296_w080,7.66,,10.20,True,False,6760794,0.004971405735543731,0.004099757450737519,False,False,0.010472438592271854,0.02862651931119333,200,False,https://huggingface.co/datasets/rodriguescarson/eligible-scroll-atlas-renders/resolve/main/PHerc0813/z11296_w080/surface-volumes.tar,https://huggingface.co/datasets/rodriguescarson/eligible-scroll-atlas-renders/resolve/main/PHerc0813/z11296_w080/ink-detection
PHerc0813,z11296_w100,10.15,reprova,20.40,True,True,8998822,0.010181770309440435,0.006964570635913227,False,False,0.020885289207854096,0.02119388515519031,69,False,https://huggingface.co/datasets/rodriguescarson/eligible-scroll-atlas-renders/resolve/main/PHerc0813/z11296_w100/surface-volumes.tar,https://huggingface.co/datasets/rodriguescarson/eligible-scroll-atlas-renders/resolve/main/PHerc0813/z11296_w100/ink-detection
PHerc0813,z11904_w020,1.75,aprova,3.40,True,False,1467404,0.0029852111288155635,0.00032460548196829427,False,False,0.02994608165167875,0.0005785727720518685,35,False,https://huggingface.co/datasets/rodriguescarson/eligible-scroll-atlas-renders/resolve/main/PHerc0813/z11904_w020/surface-volumes.tar,https://huggingface.co/datasets/rodriguescarson/eligible-scroll-atlas-renders/resolve/main/PHerc0813/z11904_w020/ink-detection
PHerc0813,z11904_w040,3.69,,9.30,True,False,3188587,0.0046609598454539465,0.001698807361834985,False,False,0.010096948899308691,0.012293219535800653,204,False,https://huggingface.co/datasets/rodriguescarson/eligible-scroll-atlas-renders/resolve/main/PHerc0813/z11904_w040/surface-volumes.tar,https://huggingface.co/datasets/rodriguescarson/eligible-scroll-atlas-renders/resolve/main/PHerc0813/z11904_w040/ink-detection
PHerc0813,z11904_w060,5.92,,13.00,True,False,5216071,0.011039756628373632,0.0032045987943956277,False,False,0.04624304385427269,0.04762070915062314,17,False,https://huggingface.co/datasets/rodriguescarson/eligible-scroll-atlas-renders/resolve/main/PHerc0813/z11904_w060/surface-volumes.tar,https://huggingface.co/datasets/rodriguescarson/eligible-scroll-atlas-renders/resolve/main/PHerc0813/z11904_w060/ink-detection
PHerc0813,z11904_w080,8.15,reprova,6.60,True,True,7246094,0.006801576092240495,0.0020199039666800134,False,False,0.02962892835781595,0.018873202583350422,38,False,https://huggingface.co/datasets/rodriguescarson/eligible-scroll-atlas-renders/resolve/main/PHerc0813/z11904_w080/surface-volumes.tar,https://huggingface.co/datasets/rodriguescarson/eligible-scroll-atlas-renders/resolve/main/PHerc0813/z11904_w080/ink-detection
PHerc0813,z11904_w100,9.98,reprova,9.00,True,True,8830642,0.00676419757187047,0.0021344439313369283,False,False,0.02219362986292503,0.01565797820815293,62,False,https://huggingface.co/datasets/rodriguescarson/eligible-scroll-atlas-renders/resolve/main/PHerc0813/z11904_w100/surface-volumes.tar,https://huggingface.co/datasets/rodriguescarson/eligible-scroll-atlas-renders/resolve/main/PHerc0813/z11904_w100/ink-detection
PHerc0813,z12496_w020,1.73,aprova,8.60,True,False,1434985,0.004761547344871131,2.5019192354134816e-05,False,False,0.025270647428370333,0.001589563653975477,46,False,https://huggingface.co/datasets/rodriguescarson/eligible-scroll-atlas-renders/resolve/main/PHerc0813/z12496_w020/surface-volumes.tar,https://huggingface.co/datasets/rodriguescarson/eligible-scroll-atlas-renders/resolve/main/PHerc0813/z12496_w020/ink-detection
PHerc0813,z12496_w040,3.66,,2.60,True,False,3156023,0.003072162537367583,0.0015009999670175795,False,False,0.021119617949552333,0.012446043644168627,67,False,https://huggingface.co/datasets/rodriguescarson/eligible-scroll-atlas-renders/resolve/main/PHerc0813/z12496_w040/surface-volumes.tar,https://huggingface.co/datasets/rodriguescarson/eligible-scroll-atlas-renders/resolve/main/PHerc0813/z12496_w040/ink-detection
PHerc0813,z12496_w060,5.90,,4.80,True,False,5188065,0.040475201313677295,0.0034698500921171702,True,False,0.10913086092791821,0.027676985542779437,2,True,https://huggingface.co/datasets/rodriguescarson/eligible-scroll-atlas-renders/resolve/main/PHerc0813/z12496_w060/surface-volumes.tar,https://huggingface.co/datasets/rodriguescarson/eligible-scroll-atlas-renders/resolve/main/PHerc0813/z12496_w060/ink-detection
PHerc0813,z12496_w080,7.87,,8.70,True,False,6917920,0.004565549962568043,6.701373398611092e-05,False,False,0.045601423549274926,0.021331267201702246,18,False,https://huggingface.co/datasets/rodriguescarson/eligible-scroll-atlas-renders/resolve/main/PHerc0813/z12496_w080/surface-volumes.tar,https://huggingface.co/datasets/rodriguescarson/eligible-scroll-atlas-renders/resolve/main/PHerc0813/z12496_w080/ink-detection
PHerc0813,z12496_w100,10.18,reprova,9.80,True,True,9023612,0.004563792673208687,0.0014910425166959195,False,False,0.02368552637236619,0.020702242073351557,54,False,https://huggingface.co/datasets/rodriguescarson/eligible-scroll-atlas-renders/resolve/main/PHerc0813/z12496_w100/surface-volumes.tar,https://huggingface.co/datasets/rodriguescarson/eligible-scroll-atlas-renders/resolve/main/PHerc0813/z12496_w100/ink-detection
PHerc0813,z13088_w020,1.73,aprova,5.30,True,False,1444974,0.0024624098260943496,9.810397713523306e-06,False,False,0.006292154737732305,1.3841079493471854e-06,266,False,https://huggingface.co/datasets/rodriguescarson/eligible-scroll-atlas-renders/resolve/main/PHerc0813/z13088_w020/surface-volumes.tar,https://huggingface.co/datasets/rodriguescarson/eligible-scroll-atlas-renders/resolve/main/PHerc0813/z13088_w020/ink-detection
PHerc0813,z13088_w040,3.45,,2.20,True,False,2980942,0.034403308589176736,0.0031471976798226344,True,False,0.1346802453721005,0.018666918041343978,1,True,https://huggingface.co/datasets/rodriguescarson/eligible-scroll-atlas-renders/resolve/main/PHerc0813/z13088_w040/surface-volumes.tar,https://huggingface.co/datasets/rodriguescarson/eligible-scroll-atlas-renders/resolve/main/PHerc0813/z13088_w040/ink-detection
PHerc0813,z13088_w060,5.68,,13.60,True,False,4986577,0.001505618318640826,0.0018266650981166015,False,False,0.01896752020474165,0.02209892677883045,94,False,https://huggingface.co/datasets/rodriguescarson/eligible-scroll-atlas-renders/resolve/main/PHerc0813/z13088_w060/surface-volumes.tar,https://huggingface.co/datasets/rodriguescarson/eligible-scroll-atlas-renders/resolve/main/PHerc0813/z13088_w060/ink-detection
PHerc0813,z13088_w080,7.88,,6.00,True,False,6999246,0.0014147714204537768,0.001615277420751424,False,False,0.02142559355679169,0.01762304111042818,65,False,https://huggingface.co/datasets/rodriguescarson/eligible-scroll-atlas-renders/resolve/main/PHerc0813/z13088_w080/surface-volumes.tar,https://huggingface.co/datasets/rodriguescarson/eligible-scroll-atlas-renders/resolve/main/PHerc0813/z13088_w080/ink-detection
PHerc0813,z13088_w100,9.93,reprova,3.00,True,True,8841846,0.0042297239874169,0.001415117059433632,False,False,0.024016025612751003,0.02169332060296006,53,False,https://huggingface.co/datasets/rodriguescarson/eligible-scroll-atlas-renders/resolve/main/PHerc0813/z13088_w100/surface-volumes.tar,https://huggingface.co/datasets/rodriguescarson/eligible-scroll-atlas-renders/resolve/main/PHerc0813/z13088_w100/ink-detection
PHerc0813,z13696_w020,1.78,aprova,6.40,True,False,1484011,0.0007888524139265877,2.92874988221332e-05,False,False,0.012476322614859325,0.0014332777856767907,167,False,https://huggingface.co/datasets/rodriguescarson/eligible-scroll-atlas-renders/resolve/main/PHerc0813/z13696_w020/surface-volumes.tar,https://huggingface.co/datasets/rodriguescarson/eligible-scroll-atlas-renders/resolve/main/PHerc0813/z13696_w020/ink-detection
PHerc0813,z13696_w040,3.69,,6.40,True,False,3220996,0.0029569020434740707,0.0002682750239184961,False,False,0.047962183125964765,0.018123276154332388,14,False,https://huggingface.co/datasets/rodriguescarson/eligible-scroll-atlas-renders/resolve/main/PHerc0813/z13696_w040/surface-volumes.tar,https://huggingface.co/datasets/rodriguescarson/eligible-scroll-atlas-renders/resolve/main/PHerc0813/z13696_w040/ink-detection
PHerc0813,z13696_w060,5.78,,7.20,True,False,5140542,0.0026251592373113006,0.001289002550007331,False,False,0.029876810655374474,0.02937044381701385,37,False,https://huggingface.co/datasets/rodriguescarson/eligible-scroll-atlas-renders/resolve/main/PHerc0813/z13696_w060/surface-volumes.tar,https://huggingface.co/datasets/rodriguescarson/eligible-scroll-atlas-renders/resolve/main/PHerc0813/z13696_w060/ink-detection
PHerc0813,z13696_w080,7.68,,4.90,True,False,6831216,0.0019405245847831825,0.003110106473811789,False,False,0.02432597651721158,0.01571652836039733,50,False,https://huggingface.co/datasets/rodriguescarson/eligible-scroll-atlas-renders/resolve/main/PHerc0813/z13696_w080/surface-volumes.tar,https://huggingface.co/datasets/rodriguescarson/eligible-scroll-atlas-renders/resolve/main/PHerc0813/z13696_w080/ink-detection
PHerc0813,z13696_w100,9.40,,30.40,False,False,8365162,0.0016921994472676694,0.0011487713839678647,False,False,0.016087076377002622,0.009838542278081406,123,False,https://huggingface.co/datasets/rodriguescarson/eligible-scroll-atlas-renders/resolve/main/PHerc0813/z13696_w100/surface-volumes.tar,https://huggingface.co/datasets/rodriguescarson/eligible-scroll-atlas-renders/resolve/main/PHerc0813/z13696_w100/ink-detection
PHerc0813,z14304_w020,2.02,parcial,9.00,True,False,1766754,0.005530629945710951,0.0012544303933011384,False,False,0.0024179936765390086,0.007026445107807878,318,False,https://huggingface.co/datasets/rodriguescarson/eligible-scroll-atlas-renders/resolve/main/PHerc0813/z14304_w020/surface-volumes.tar,https://huggingface.co/datasets/rodriguescarson/eligible-scroll-atlas-renders/resolve/main/PHerc0813/z14304_w020/ink-detection
PHerc0813,z14304_w040,4.10,,8.80,True,False,3641332,0.00024986180899949715,0.0033087839555958386,False,False,0.013192425189463636,0.019710369721849037,162,False,https://huggingface.co/datasets/rodriguescarson/eligible-scroll-atlas-renders/resolve/main/PHerc0813/z14304_w040/surface-volumes.tar,https://huggingface.co/datasets/rodriguescarson/eligible-scroll-atlas-renders/resolve/main/PHerc0813/z14304_w040/ink-detection
PHerc0813,z14304_w060,5.98,,6.40,True,False,5303926,0.0016757274659082596,0.003112192737205896,False,False,0.03937762329263266,0.046119610266055745,22,False,https://huggingface.co/datasets/rodriguescarson/eligible-scroll-atlas-renders/resolve/main/PHerc0813/z14304_w060/surface-volumes.tar,https://huggingface.co/datasets/rodriguescarson/eligible-scroll-atlas-renders/resolve/main/PHerc0813/z14304_w060/ink-detection
PHerc0813,z14304_w080,8.06,,5.70,True,False,7208160,0.0012291810012027878,0.0010660955612397645,False,False,0.01880174690905862,0.009766570109431534,95,False,https://huggingface.co/datasets/rodriguescarson/eligible-scroll-atlas-renders/resolve/main/PHerc0813/z14304_w080/surface-volumes.tar,https://huggingface.co/datasets/rodriguescarson/eligible-scroll-atlas-renders/resolve/main/PHerc0813/z14304_w080/ink-detection
PHerc0813,z14304_w100,9.58,aprova,11.40,True,False,8530433,0.002357744424500561,0.0010699763892542801,False,False,0.019403235451236765,0.017345895571772265,87,False,https://huggingface.co/datasets/rodriguescarson/eligible-scroll-atlas-renders/resolve/main/PHerc0813/z14304_w100/surface-volumes.tar,https://huggingface.co/datasets/rodriguescarson/eligible-scroll-atlas-renders/resolve/main/PHerc0813/z14304_w100/ink-detection
PHerc0813,z14896_w020,1.81,reprova,6.90,True,True,1524406,0.009995285242809996,0.0003771805752003772,False,False,0.0019076282827540695,0.010552962924575212,322,False,https://huggingface.co/datasets/rodriguescarson/eligible-scroll-atlas-renders/resolve/main/PHerc0813/z14896_w020/surface-volumes.tar,https://huggingface.co/datasets/rodriguescarson/eligible-scroll-atlas-renders/resolve/main/PHerc0813/z14896_w020/ink-detection
PHerc0813,z14896_w040,3.83,,4.30,True,False,3345892,0.00292213795884069,0.0010331390519210336,False,False,0.015939546165865487,0.014704300079022275,127,False,https://huggingface.co/datasets/rodriguescarson/eligible-scroll-atlas-renders/resolve/main/PHerc0813/z14896_w040/surface-volumes.tar,https://huggingface.co/datasets/rodriguescarson/eligible-scroll-atlas-renders/resolve/main/PHerc0813/z14896_w040/ink-detection
PHerc0813,z14896_w060,5.65,,11.80,True,False,5001123,0.002562257906952969,0.006145708303199888,False,False,0.020623567946639186,0.027398046398778835,70,False,https://huggingface.co/datasets/rodriguescarson/eligible-scroll-atlas-renders/resolve/main/PHerc0813/z14896_w060/surface-volumes.tar,https://huggingface.co/datasets/rodriguescarson/eligible-scroll-atlas-renders/resolve/main/PHerc0813/z14896_w060/ink-detection
PHerc0813,z14896_w080,7.49,aprova,26.60,True,False,6666472,0.002253092942818055,0.00011433775571887627,False,False,0.01427291676916966,0.012628568754207623,153,False,https://huggingface.co/datasets/rodriguescarson/eligible-scroll-atlas-renders/resolve/main/PHerc0813/z14896_w080/surface-volumes.tar,https://huggingface.co/datasets/rodriguescarson/eligible-scroll-atlas-renders/resolve/main/PHerc0813/z14896_w080/ink-detection
PHerc0813,z14896_w100,9.29,,18.10,True,False,6828127,0.000732034784962009,0.0017571607698122164,False,False,0.011447063008640583,0.012448508939567176,177,False,https://huggingface.co/datasets/rodriguescarson/eligible-scroll-atlas-renders/resolve/main/PHerc0813/z14896_w100/surface-volumes.tar,https://huggingface.co/datasets/rodriguescarson/eligible-scroll-atlas-renders/resolve/main/PHerc0813/z14896_w100/ink-detection
PHerc0826,z6528_w020,2.16,,7.90,True,False,1862131,0.00029048804022142096,0.0015468995988014828,False,False,0.006954934964296282,0.035955042905144695,252,False,https://huggingface.co/datasets/rodriguescarson/eligible-scroll-atlas-renders/resolve/main/PHerc0826/z6528_w020/surface-volumes.tar,https://huggingface.co/datasets/rodriguescarson/eligible-scroll-atlas-renders/resolve/main/PHerc0826/z6528_w020/ink-detection
PHerc0826,z6528_w040,4.83,,7.80,True,False,4264565,0.00814219002925056,0.002796374918354017,False,False,0.01616882378390293,0.006406046103178167,119,False,https://huggingface.co/datasets/rodriguescarson/eligible-scroll-atlas-renders/resolve/main/PHerc0826/z6528_w040/surface-volumes.tar,https://huggingface.co/datasets/rodriguescarson/eligible-scroll-atlas-renders/resolve/main/PHerc0826/z6528_w040/ink-detection
PHerc0826,z6528_w060,7.14,,5.60,True,False,6337029,0.009610662935766224,0.0016302776430331168,False,False,0.015711147921210398,0.010394145269021177,129,False,https://huggingface.co/datasets/rodriguescarson/eligible-scroll-atlas-renders/resolve/main/PHerc0826/z6528_w060/surface-volumes.tar,https://huggingface.co/datasets/rodriguescarson/eligible-scroll-atlas-renders/resolve/main/PHerc0826/z6528_w060/ink-detection
